name,country,established_year,description
Martinez-Wilson,Peru,1979,Few bed tonight concern but discussion.
"Russo, Wagner and Martin",Lithuania,1930,Since sound check important customer drop.
Reynolds Group,Mexico,1963,Wind like nearly ready public now.
"King, Nguyen and Price",Jersey,1962,Develop full be go rock.
Johnson LLC,Bangladesh,1966,On sure east. Quality no audience heart various.
Stephens and Sons,Montserrat,2017,Step six red stay hope. Enter matter high.
Curtis Group,Pakistan,1986,Rate land section series letter father.
Taylor PLC,Paraguay,1962,Assume sell mention article.
Morales-Moss,Burkina Faso,1954,Lay myself fill them activity single team.
Reed Group,Gabon,1943,Say what significant chair drop.
"Chen, Maldonado and Schmidt",Korea,2020,Next wall more fill understand father.
"Kelly, Lucas and Torres",British Indian Ocean Territory (Chagos Archipelago),1955,Particularly support learn help style share.
Trujillo-Paul,El Salvador,1977,Parent thing report than staff scene.
"Wallace, Morrison and Potter",El Salvador,1975,Style method appear life future before.
Jenkins-Harris,Germany,1928,Human figure open race successful report.
"Joseph, Mendez and Ward",Wallis and Futuna,1969,Free man pick party.
Payne-Hoffman,Cocos (Keeling) Islands,1929,Save control light child above one green.
Rivera Group,Bahrain,1972,Of now young seem or traditional trial.
"Torres, Lewis and Young",Guatemala,1931,Green model detail approach worker interesting.
Stewart-Rodriguez,Sierra Leone,1995,Art street describe stand heart.
"Cook, Andrade and Rogers",Papua New Guinea,1915,Push sound yeah example week again coach.
Blair-Frye,Bouvet Island (Bouvetoya),1937,Ago reflect each.
Gonzalez-Franco,Turkmenistan,1943,Space from author win mother main line.
Bailey PLC,Tunisia,1927,Ball good main account care everybody according.
"Powell, Cooke and Cohen",Costa Rica,1989,Agent none for ever who accept task.
Pham and Sons,Maldives,1939,Dark health think subject artist.
Woods LLC,Tuvalu,1997,In agreement pattern alone enter model.
"Fischer, Hayes and Thomas",Belarus,2019,Morning lay main value charge behavior.
Lara-Zamora,Greenland,1912,Foot sea child. Over economic join technology.
"Smith, Boyd and Walter",Wallis and Futuna,2017,Difficult easy peace that help.
"Torres, Phillips and Pineda",Cambodia,1976,Test that break west president both.
Decker PLC,Somalia,1917,Group PM dream since.
Blanchard PLC,Lithuania,1957,Thus enjoy operation white.
Dunn LLC,Iraq,1935,Measure describe build cover.
"Carpenter, Robbins and Mendoza",Tanzania,1944,Financial check contain great face.
Martinez Inc,French Guiana,2020,Provide player rather only policy score.
Castillo Group,Honduras,1970,Hair site feeling form page design hand.
"Middleton, Salazar and Rojas",Guinea-Bissau,2019,Hear fear nearly score.
Lee Inc,Tokelau,1997,Season plant store.
"Taylor, Cordova and Rodriguez",Guinea,2002,Anyone drop talk put shoulder before.
King-Williams,Greenland,1941,Put social stuff bed table issue.
Evans PLC,China,2003,Eight actually cut them one way tax.
Fernandez Group,Gambia,2018,Land play say sometimes capital movie tend.
"Rivera, Weber and Byrd",Cote d'Ivoire,1966,Just government get.
"White, Perry and Armstrong",San Marino,2014,Price draw why thank low place the.
Copeland-Hernandez,Greenland,1938,Support these whole daughter result.
Schmitt Group,Andorra,2007,Who also particular. Lose media anything.
Green and Sons,Ethiopia,1930,Various carry financial class test.
Brown-Acevedo,Nepal,1983,Current market both night once be.
Gutierrez PLC,Belarus,1978,Actually leg plant table.
Everett-Welch,Lao People's Democratic Republic,1905,Know man small card.
Nelson-Griffith,Turkey,1986,Find human only respond write goal.
"Webb, Strickland and Mitchell",Israel,2009,Form star weight third purpose message.
Bell PLC,Kuwait,1927,Body environment a certain meeting store part.
Nixon Ltd,Bouvet Island (Bouvetoya),2006,Decision anyone pick above child respond.
Ramos and Sons,Vanuatu,1926,Sell study reach even late market.
"Williams, Booker and Fisher",Iran,1967,Perform shake stand despite.
Carr Group,New Zealand,1908,War land discover.
Mccoy and Sons,Seychelles,1946,Identify office fight stage have.
Browning-Smith,Guam,1974,Move set behind executive way beat author.
Fischer-Owens,New Caledonia,1995,Everybody science line realize.
"Miller, Gardner and Yates",French Southern Territories,1961,Ready radio begin husband necessary.
Ward LLC,Saint Pierre and Miquelon,1949,Age health guy against.
"Thomas, Lopez and Nichols",Malawi,1947,Over truth necessary member wind happy.
"Richardson, Allen and Huynh",Pakistan,1902,Trade it hospital relationship.
"Delgado, Thompson and Mosley",Macao,1942,Often control lawyer imagine several.
Marsh LLC,Saint Kitts and Nevis,1941,Development eye either world.
Quinn-Jackson,Myanmar,2007,Art your read evening other.
Hayes Ltd,Costa Rica,2005,Case someone item.
Carter-Wilson,Switzerland,1917,Away anyone side.
Weaver Ltd,Tanzania,2014,Magazine short herself we cover catch now.
King LLC,Guadeloupe,1928,Contain set stock establish though.
Oconnor PLC,Malawi,1972,Matter page else old. Huge call seem everybody.
Carson-Johnson,Peru,1924,Bring effect just turn international understand.
Sellers-Moore,Senegal,1903,Major heart defense need leg arm both.
Gibson-Smith,Bolivia,1947,Rise sound fund next star act.
Garcia and Sons,Paraguay,1943,When soldier all loss economy behind oil thank.
Diaz Ltd,United States Virgin Islands,2014,Forget civil record operation.
Johnson-Fuentes,Saint Helena,1970,Air author parent research carry light.
Mendez Ltd,Burundi,1968,Manager month account necessary trial some.
"Ho, Bryant and Davis",British Indian Ocean Territory (Chagos Archipelago),2003,Majority realize eye address foreign.
Jones Group,Kiribati,1963,Mouth weight sell development happy music.
"Reed, Murphy and Potter",Brunei Darussalam,1978,Heart clearly break American.
Blackwell Group,Luxembourg,1962,Executive away member other hour.
Woods-Barron,Gabon,1908,Television station break blood.
"Gutierrez, Cantu and Robinson",Azerbaijan,1967,Tough through identify much.
Young-Daniel,Germany,2004,Let per material four good television maintain.
Johnson Ltd,Lithuania,1907,One your happy yes.
Garcia Inc,Micronesia,2011,Including research lay response.
Lopez Inc,Norway,1979,Because safe author.
Mitchell PLC,Mali,1958,Themselves actually property cold drop your.
"Becker, Johnson and Martinez",Mozambique,1901,Career entire forward.
"Ross, Dunn and Kim",French Guiana,2013,Whose reality myself figure away you deep.
Hunt Inc,Dominica,1997,Economic government home.
Parks PLC,Holy See (Vatican City State),2006,Quite health discussion head.
"Smith, Contreras and Thomas",Oman,1908,Morning child beyond his. Able price west.
"Berger, Clark and Richardson",Belgium,1923,Represent fish contain now.
"Anderson, Baldwin and Wright",Brazil,1958,Maybe head ever.
Clark Ltd,Indonesia,1955,Fear notice treat kind travel recent realize.
Campbell-Carpenter,Isle of Man,1988,Able girl but power question bag.
"Harrison, Pugh and Kim",Nepal,1993,Follow remember manage nor hear back.
"Mitchell, Carey and Small",Cyprus,1933,Despite world here paper direction sense red eye.
Williams-Sparks,United Kingdom,1973,Through wrong plan quickly defense guy focus.
"Solis, Bennett and Peterson",Austria,1949,Table run talk draw family threat.
"Miles, Wright and Hogan",Mongolia,1977,Area leave million value mind central.
Turner-Grant,Dominican Republic,1979,Three seven indeed later build.
"Mercado, Vega and Potts",Norway,1943,Large story onto occur.
Hill-Lewis,Mexico,1953,Yeah girl build guess position.
"Carter, Reyes and Turner",Sudan,1945,Much great manage.
Glass LLC,Guadeloupe,1975,Realize cell magazine understand what arrive.
Jensen LLC,Kyrgyz Republic,1992,Anything new go save capital certain good fast.
Lewis LLC,Ghana,1955,My off hundred admit prove them.
"Cisneros, Morris and Jones",San Marino,1983,Source address stuff successful.
Williams PLC,Turkmenistan,2008,Role Republican spend. Recognize wait great east.
"Petty, Williams and Wilson",Montenegro,1947,Today under mind. Would include all thank others.
"Harris, Berger and Adams",Tajikistan,1954,Early try half through always my.
Best Ltd,Uruguay,1994,Garden western once green former ask.
Barrett-Torres,Palau,1985,Available who become writer evidence explain.
Nash and Sons,Cape Verde,1987,Election world production laugh such allow state.
"Todd, Matthews and Jimenez",Papua New Guinea,1923,Sea approach same spring question bill.
"Massey, Jackson and Salinas",Macao,1973,Little explain summer reach save point have.
Yoder Group,El Salvador,1956,Amount take agency more deal.
Molina and Sons,Greece,1990,War few according cause travel.
"Spencer, Collins and Jones",Bermuda,1923,Myself its seat weight bag defense enough.
"Stephens, Simon and Carter",Bahamas,1926,Wind collection popular raise wind little.
Brown PLC,Faroe Islands,1961,Coach prove story carry.
Burns-Ellis,Belgium,1974,Box herself politics case small.
Hunter-Ramos,Croatia,1979,System region them identify election economy.
Jones-Bryant,Vietnam,1990,Today couple beyond.
"Olson, Oconnor and Gonzalez",Canada,2001,Find quite road room town south.
Collins LLC,Eritrea,1992,Star cut throw same. Win deal culture second.
"Mack, Campos and Collier",Korea,1924,Claim number shoulder action or.
Anderson-Young,Cocos (Keeling) Islands,1989,Card less move popular factor pretty.
Sanders-Wolf,Albania,1901,Could help itself blood base.
Garcia-Robinson,Timor-Leste,2001,Security help six friend get recent son.
"Jackson, Rose and Andrews",Switzerland,2002,Miss deep purpose church rule common.
Gilbert Group,Guatemala,1943,Simply material court fund.
Nixon and Sons,Palau,1925,Tv apply coach notice return happen former how.
Horn and Sons,Saudi Arabia,1973,A rest apply part theory cut.
Baldwin-Lamb,Bouvet Island (Bouvetoya),2002,Over break program among leg place.
Mcclure-Brock,Nigeria,1945,Wonder someone most magazine million.
"Campbell, Campos and Medina",Luxembourg,1981,Cover drop assume speak push with.
Johnson-Anderson,Costa Rica,1960,Red model also college.
"Lewis, Ross and Shelton",India,1976,While military dark newspaper.
Hampton-Lee,Timor-Leste,1958,Newspaper evidence compare a agent lot.
Castro-Lynch,Guinea,1927,Forget of until drive.
Gutierrez and Sons,Lesotho,1948,Building positive bit reason.
Duke LLC,Sri Lanka,1938,Sense check above knowledge indeed exist the son.
Logan-Orozco,Turkmenistan,1984,Rate international sing he weight.
Le Group,Guyana,1905,Fine indicate condition here.
Mahoney PLC,Nauru,1950,Heavy writer production first quite.
"Hendricks, Lopez and Hicks",Taiwan,1976,Myself to out hand.
Maldonado-Williams,Puerto Rico,2011,Community after million action million.
Rodriguez Group,Norfolk Island,1951,Apply cause be his common spring spend how.
Brown-Watson,Cyprus,1958,Teacher sea arrive.
"Smith, Phillips and Gonzalez",China,1972,Top lose its time first step.
"Meyers, Anthony and Johnson",Honduras,1968,Every beyond already spring firm.
Brown Group,San Marino,1949,Cut common job town high himself quality.
"Green, Jackson and Mcgee",Colombia,1966,Peace wonder certain seem.
"Moore, Cook and Allison",Belgium,1909,Force action look environmental group.
Hunt Inc,Denmark,1930,Pay hard build including easy should true.
"Clements, Ramirez and Malone",Turks and Caicos Islands,1972,Race military safe rest above where.
Gray-Rivera,Tonga,1967,Election increase suffer.
"Gregory, Smith and King",Czech Republic,1941,Computer if human lead.
"Forbes, Davis and Cannon",Togo,1989,Camera tree know.
Ortiz-Yoder,Belize,1999,Reveal prepare discussion certainly.
"Chandler, Medina and Johnson",Mozambique,1972,Statement keep add address second less.
Franco-Hunt,Nauru,1949,Court attention yard practice.
"Cross, Curtis and Hubbard",Belarus,1943,Since light write kind already.
White Inc,Saint Vincent and the Grenadines,2013,Fact return mouth war. Mrs policy gas improve.
"Hill, Gibson and Gregory",Bangladesh,1945,Section born tonight town.
"Page, Jones and Ward",British Indian Ocean Territory (Chagos Archipelago),1995,Have base account would perhaps kind.
Flores Inc,United States of America,1951,Might near hear inside.
Knight Inc,Senegal,1964,Result leave sound.
"Martinez, Turner and Morris",Cameroon,1952,Movie natural wall own entire kind you.
Gill LLC,Croatia,1967,Leg artist trip actually fact how.
Lamb Ltd,Timor-Leste,2012,Indicate under early hundred trade.
Wiley-Martin,Wallis and Futuna,1955,Police tough yourself art. View send remain more.
"Hughes, Griffith and Schultz",Chad,1957,Back around player political loss impact.
Reyes Inc,Kyrgyz Republic,1920,Body right low bar if us.
"Wilson, Anderson and Zavala",Myanmar,1967,Believe outside scientist impact move son.
Mcmahon LLC,Svalbard & Jan Mayen Islands,2001,Measure bag television money north either.
Bailey-Blair,Afghanistan,1990,General card discuss image.
Mcconnell-Hanson,Wallis and Futuna,1942,Wide nearly as describe hit both.
"Johnson, Adams and Sims",Mayotte,1988,Police customer full nature hundred popular.
Lopez-Johnson,Cyprus,1914,Start chance forward instead imagine.
"Powers, Oconnell and Anderson",Ghana,1910,Practice maybe structure thus other population.
Luna-Cox,Burundi,1945,Arm war room military. Rise alone edge expert.
Johnson-Brown,Italy,1995,Have situation specific yet suggest early.
Burke-Short,Svalbard & Jan Mayen Islands,2008,Seat success far positive side business prepare.
"Edwards, Allen and Hall",French Polynesia,1900,Fall least system.
Joseph-Ramirez,United States of America,1983,Travel environment enough rich. Full easy course.
Hughes-Ross,China,1964,Name might west glass avoid agency pull off.
"Montgomery, Castro and Sanchez",Pitcairn Islands,1916,Different push far.
Zamora PLC,Bulgaria,1963,Experience city course every.
"Odonnell, Lam and Ashley",Lao People's Democratic Republic,1940,Former south surface yeah probably.
"Ashley, Taylor and Ryan",Lithuania,2017,Place debate doctor agree risk home even.
Cabrera Group,Kenya,1956,Prevent bit return father conference stage.
"Smith, Anthony and Villegas",Palau,2018,Value available identify safe next.
"Rodriguez, Armstrong and Sutton",Liechtenstein,1932,East husband mouth social everything.
Garcia-English,Djibouti,2000,Work participant lawyer.
"Combs, Callahan and Harris",Madagascar,1902,Which reveal room put. Yourself detail evening.
Webster-Reid,Ireland,2015,Middle source television far perhaps lose above.
Dawson-Edwards,Burundi,1965,Reflect executive begin building.
Crosby LLC,Guinea,1999,His situation process door program.
Simmons and Sons,Bouvet Island (Bouvetoya),1991,Civil visit man ahead miss.
"Smith, Villanueva and Williams",Denmark,1953,Forward own eat manage give contain raise.
Guerra-Martin,Somalia,1980,Leg west federal mission truth spend magazine.
Gilmore-Gonzales,South Georgia and the South Sandwich Islands,1970,Term reason contain mother.
"Novak, Garcia and Roy",Northern Mariana Islands,1911,Practice method after hour detail stage.
"Barajas, Meadows and Jones",Heard Island and McDonald Islands,1949,Plant government radio heart.
Nelson-Pacheco,Guadeloupe,2004,Plant college different.
"Peters, Nicholson and Ferguson",Kyrgyz Republic,1986,Will arm senior.
"West, Brown and Mcguire",Aruba,1979,Feeling full free.
King Ltd,Moldova,1998,Difference where image small under civil.
"Carrillo, Wilcox and Bennett",Iran,1962,Wall rest people happy bring from agency.
Martin-Miller,United States Minor Outlying Islands,1974,Modern important job. Soon per admit.
Clark Group,South Africa,2018,Finally power same range opportunity.
"Bell, Turner and Smith",Norway,1956,Situation kind become debate friend.
Meyers Inc,Hungary,1935,Visit me east manager. Scene effect worry.
Jackson-Collins,Guadeloupe,1979,Moment yourself see character tell would that.
Johnson PLC,Libyan Arab Jamahiriya,1969,Election wife military keep coach.
Nelson Ltd,Singapore,1916,Whether eat free social black measure material.
Alexander PLC,Bangladesh,1987,Organization land hope behind.
"Ross, Miller and West",Venezuela,1934,Risk program look man public century.
Campbell-Nguyen,Holy See (Vatican City State),2017,Eye decision daughter must bit.
"Dean, James and Castro",Netherlands Antilles,2016,Themselves season whether strategy production.
Franklin LLC,Algeria,1988,Dinner amount impact why.
Wagner and Sons,Oman,2017,Stay risk occur past parent.
"Adams, Vasquez and Molina",Mauritius,1963,Animal fine girl.
"Brown, Anderson and Hines",Barbados,1985,Late among important during focus upon kitchen.
"Jones, Mcintyre and Hartman",Christmas Island,1964,Relate small human team.
"Pruitt, Fox and Collins",Greenland,1946,Drop maintain will star.
"Madden, Decker and Long",Colombia,1915,Century though camera interest during type.
Thompson-Morris,Malaysia,2008,Time able peace may.
Moore-Thompson,Aruba,1982,Debate success number technology.
Stevens-Dorsey,Micronesia,1908,To often us camera bed cut.
"Green, Stanley and Anderson",Greece,1981,Black himself business up artist sign.
"Tucker, Garcia and Edwards",Tokelau,1984,Myself important often people.
"Williams, Wilson and Norman",Czech Republic,1985,Care action appear blood team himself.
"Walters, Reyes and Hernandez",Angola,1946,Past security method other director they open.
"Drake, Scott and Ramsey",Niger,2003,Hot whatever section Mr.
Walters Inc,Mayotte,2000,Somebody factor pass generation former join.
"Williams, Merritt and Pennington",Barbados,1919,Too number leader happy especially protect.
Thomas Group,Bouvet Island (Bouvetoya),1990,Huge he economy group.
"Mcconnell, Hale and Perez",Holy See (Vatican City State),1945,Next can education data. Know provide hit.
"Simpson, Small and Washington",Switzerland,2002,Read bit art happy process cover turn.
Peterson Ltd,Malawi,1908,Instead project face recent wind trade throw.
"Brown, Spence and Jennings",American Samoa,2001,Media image safe result parent.
Allison-Thompson,Congo,1912,All consider another gas oil night.
"Gentry, Garcia and Smith",Faroe Islands,1978,Simple room tax foreign pick not.
Johnston Inc,Hungary,1974,Receive scientist summer so fine stuff admit.
Rubio-Martinez,Taiwan,1980,Happy cold threat nor.
Nelson Ltd,Honduras,1938,House expect law table. Myself old far life book.
Keller-Brown,Madagascar,1913,Daughter firm black us agency evening million.
Cisneros-Lopez,Algeria,1961,Wife executive international same least whole.
Townsend Ltd,Antarctica (the territory South of 60 deg S),1942,Value outside main cause work second must Mrs.
Wright PLC,Cuba,2003,Sing understand between hospital.
Bennett Ltd,British Indian Ocean Territory (Chagos Archipelago),1992,Example I least leg play onto.
Dean-Rodriguez,Ghana,2017,Truth like water real may citizen.
Phillips Ltd,British Indian Ocean Territory (Chagos Archipelago),1952,Note hand budget cover trouble see country.
Hodge LLC,Yemen,1918,Agency ask you yard dream.
Thomas-Smith,Sierra Leone,1956,Goal alone former four.
Beck PLC,Australia,1948,Student food less speak bad star.
Cox Ltd,Zambia,1911,Part whatever fish star save.
Long-Garrett,Namibia,2000,Side example public win reduce far know could.
Hines-Smith,United States Minor Outlying Islands,1904,Sea exactly several available anyone break.
"Morse, Liu and Brewer",Lao People's Democratic Republic,1982,Religious expect agree crime.
"Wright, Yang and Soto",Jordan,2007,Camera activity nor charge prepare glass season.
"Cooper, Stewart and Foster",Comoros,1926,Look player hundred to country.
Greer and Sons,Albania,1913,Design during manager into describe maybe month.
"Stephens, Peterson and Thomas",Suriname,1989,Drop must friend discover agency.
Smith-Cooper,Cambodia,2020,Congress start animal their young part much very.
Hanson Ltd,Myanmar,1915,Issue appear right day Republican.
Collins and Sons,United States of America,1941,Add protect plan perform now rate able life.
Garcia Ltd,Guatemala,2003,Level he medical study yet at company.
"Walker, Hall and Kelly",Hong Kong,2007,With future property me. Manage oil individual.
"Henry, Butler and Guerrero",Croatia,1922,Story team health now often. Support every left.
Humphrey Ltd,Pakistan,1957,Let level me shoulder.
"Holloway, Robertson and Schneider",Holy See (Vatican City State),1905,Choose discuss guess hand. Ok though ball fear.
Baker-Hogan,Turks and Caicos Islands,1999,Feeling approach data life from anyone reality.
"Pope, Lawson and Castillo",United Arab Emirates,1980,Bar health fact call.
Rogers and Sons,Benin,1904,Over line hold sign personal other type.
Whitney-Gray,Mayotte,1968,Page service turn station shake investment value.
Shepherd-Hamilton,Fiji,1975,Food situation much degree up.
Brewer-Miller,British Virgin Islands,1993,President last bad day. Ball control along money.
Moran Inc,Palestinian Territory,1995,Growth mother boy middle federal although watch.
Butler Ltd,Kazakhstan,2019,Camera trial everything individual other.
Castro LLC,Qatar,1916,Network certainly in maybe group defense.
"Tanner, Wilson and Gonzalez",San Marino,1964,Make real nation.
Martinez Ltd,Tanzania,1921,Mind under TV sport. Rule air start physical.
Lawson LLC,Djibouti,1968,As across likely tax peace sport white.
Wilcox Inc,Kazakhstan,1970,Fact media enter only. Usually conference two.
Haley PLC,Antarctica (the territory South of 60 deg S),1932,Modern child hope voice economy.
Brooks-Barnes,Iran,1915,North off democratic there first less.
Bowers and Sons,Faroe Islands,1907,Piece already suffer personal learn program.
"Stephens, Sims and James",Denmark,1924,Environment something skin risk.
"Gordon, Wu and Andrews",Central African Republic,1908,Quite no money street wear.
Johnston Group,El Salvador,1995,Fight because president pressure today only.
"Andersen, Allen and Cannon",Mexico,1949,Medical both TV eye.
