first_name,last_name,email
Sean,Hawkins,ramirezdon@gmail.com
Ricky,Murray,haley91@hotmail.com
Tina,Williams,mcox@gmail.com
Charles,Rivera,stephanierussell@gmail.com
Michael,Williams,hayesjennifer@gmail.com
Amber,Wilson,thomasjessica@hotmail.com
Melissa,Gutierrez,lcole@howe-tapia.com
Christine,Cummings,gloriataylor@gmail.com
Kristy,Harvey,wabbott@yahoo.com
Hannah,Scott,courtney58@yahoo.com
Austin,Arias,brittanywall@hotmail.com
Diane,Weber,vherman@williams.com
Michele,King,jennifer82@lopez.com
Daisy,Nicholson,maddoxdanielle@hotmail.com
Greg,Mckay,williamsjacob@valencia.com
Lynn,Collins,belljames@wilson-cole.com
Gary,Oconnell,jacob70@hotmail.com
Elizabeth,Martin,ichapman@gmail.com
Donna,Perkins,james88@wright.com
Keith,Smith,carmen84@gmail.com
Gabriel,Walsh,crystaljenkins@yahoo.com
Shaun,Williams,rnash@gmail.com
Darren,Kelly,wrogers@yahoo.com
Antonio,Cole,hvega@hotmail.com
Courtney,Medina,davisjohn@hotmail.com
Tina,Malone,garciaalex@shah.net
Donna,King,annadavis@hotmail.com
Regina,Thomas,hmendoza@hotmail.com
John,Torres,nestrada@hotmail.com
Mindy,Garcia,andersenphillip@hotmail.com
Emily,Perkins,fhubbard@guerra.com
Kayla,Smith,erinjohnson@randall-wallace.com
Sandra,Morrison,lmcdaniel@davis.net
William,Tran,aimeeking@gmail.com
Laura,Thompson,hansenconnie@harris-erickson.org
Melanie,Compton,katherinemoran@vaughn.com
Lisa,Pearson,rrobinson@hotmail.com
Ryan,Williams,huynhjennifer@rogers.com
James,Anderson,reedjames@hotmail.com
Daniel,Garcia,jennifer05@gmail.com
Erin,Barton,preston55@stephenson-gibbs.com
Emily,Contreras,patricia53@combs.org
Amy,Taylor,ryanjohnson@gmail.com
Christina,Mata,josephlopez@yahoo.com
Mary,Berry,rioslaurie@yahoo.com
Brian,Gibbs,wwilson@shaw.com
Daniel,Hunter,esmith@stokes.com
Matthew,Kidd,donna89@davis.com
Destiny,Yoder,hhicks@yahoo.com
Isaac,Powers,rcarter@newman-foster.com
Laura,Weaver,john27@gmail.com
Suzanne,Williams,rreid@hall-davis.info
Gloria,Armstrong,patricia68@gmail.com
Melissa,Perez,maureendixon@burns-anderson.com
Thomas,Long,rachelbryant@yahoo.com
Riley,Butler,smithjennifer@hotmail.com
Debra,Burnett,reidtracy@gmail.com
Lee,Allen,smithteresa@richards.com
Sandra,Jensen,josephhogan@yahoo.com
Felicia,Collins,lisa26@gmail.com
Joshua,Kelley,sheila07@wilson-richmond.com
Robert,Williams,tiffanywest@gmail.com
Emily,Lewis,birddaniel@smith.biz
Julie,Perry,yhahn@cochran-hamilton.com
Kimberly,Griffith,catherinerussell@gmail.com
Larry,Hart,stephanie57@fischer-hughes.com
Tina,Knapp,diananewton@hall.info
Travis,Griffith,charles35@hotmail.com
Mark,Palmer,martinezjames@gmail.com
Brenda,Peterson,julian80@gmail.com
Christopher,Thompson,yadams@reyes.com
Christopher,Robertson,singletonnicole@gmail.com
William,Mayo,lwilson@sullivan.info
Jessica,King,millsthomas@yahoo.com
Johnathan,Marshall,lanekarl@robertson.com
Joshua,Roberts,shannon05@mckinney.org
Michelle,Torres,nandrade@thomas-gutierrez.com
Jacqueline,Smith,haleyfrank@wheeler-wells.com
Margaret,Hall,nashkimberly@yahoo.com
Melissa,King,terriabbott@powers.com
Anthony,Weaver,jcollins@carter.com
David,Prince,tylerlauren@gmail.com
David,Jensen,duncanchristopher@yahoo.com
Charlotte,Schneider,kinganna@christensen-cox.org
James,White,jennifercline@smith-bowman.com
Luke,Johnson,patriciashaffer@kirby.net
Jessica,Washington,david41@gmail.com
Ann,Garrett,cassandraaguilar@fields.net
Amanda,Kelley,brooke22@fowler.com
Erin,Sampson,timothymccullough@gmail.com
Nicole,Mcfarland,megan72@villarreal.com
Anthony,Mann,berryjohn@hotmail.com
Alexander,Merritt,xwhite@cervantes.com
Johnny,Donaldson,michelleweaver@torres.net
Nicholas,Luna,yvasquez@huber-lee.com
Ashley,Carpenter,jtaylor@gmail.com
Sean,Owens,lisa85@gmail.com
Sharon,Patrick,russellkelsey@hotmail.com
Joel,Gilbert,briantaylor@booth.biz
Tammy,Davis,angela05@anderson.com
Jerry,Carter,robert94@sellers.com
Michele,Hines,melissamccarthy@gmail.com
Brittany,Wilson,dillonlisa@hensley.com
Anthony,Ferguson,jillgonzalez@gmail.com
Sean,Smith,dacosta@gmail.com
Alex,Bryant,jasonhaynes@gmail.com
Kristin,Valencia,mary97@hotmail.com
Richard,Sanchez,tammy19@sanchez.com
Emily,Shelton,rgregory@yahoo.com
Timothy,Stevenson,suzannejohnson@young.info
Richard,Alexander,jaclynburton@alvarado.com
Sarah,Bennett,tiffanypage@gomez.net
Anthony,Blair,jessicafranco@gmail.com
Sarah,Wagner,danieljohnson@hall.com
Marissa,Brown,dhawkins@yahoo.com
Thomas,Hester,kvasquez@osborn.com
Zachary,Davis,lamjeanette@gmail.com
David,Suarez,emorales@yahoo.com
John,Lopez,bryanberger@stephens.biz
Kevin,Kim,jennifer77@payne-jackson.com
Melinda,Cooper,kimberly21@caldwell.net
Anna,Ramos,brandon74@barnett.com
Jose,Tucker,susan06@gmail.com
Daniel,Jordan,xturner@shepherd-morales.net
Sylvia,Murray,natalie68@yahoo.com
Denise,Sullivan,janetreynolds@yahoo.com
Nicole,Harper,christopherthomas@carlson-scott.com
Roy,Parker,erin99@wallace.com
Sandra,Mitchell,steven64@johnson.com
Bethany,Bauer,etucker@kennedy.org
Janet,Howard,mitchellhelen@gmail.com
Sarah,Carroll,matthew54@flowers-shaw.com
Gloria,Russo,faith57@brown.com
Molly,Andrews,taragarcia@hotmail.com
James,Robinson,vanessa29@gmail.com
Samantha,Cruz,kimberlyrivera@escobar-lee.net
Lisa,Palmer,yconner@yahoo.com
Joy,Mcdonald,tracy00@mckenzie.com
Matthew,Mcmahon,david70@williams-johnson.com
Lisa,Miller,jason88@yahoo.com
Travis,Gibson,qhiggins@edwards.com
Julie,Beltran,gonzaleztim@yahoo.com
Daniel,Campbell,gdavidson@horne-holmes.com
David,Keith,lisa16@gmail.com
Danielle,Fitzgerald,matthew10@neal.net
William,Calderon,joshua17@parker-murphy.com
Phillip,Tapia,gabriela80@gmail.com
Monica,Irwin,xhayden@yahoo.com
Jill,Hale,kaufmanjason@gmail.com
Randall,Wright,cortezdebra@yahoo.com
Philip,Gonzales,cfaulkner@hotmail.com
Christian,Holloway,zjohnson@perez-henderson.biz
Tyler,Alexander,nelsonthomas@chandler.net
Kirk,Garcia,alexander18@wright.com
Colin,Miller,thomassantos@allen-hayes.com
Katherine,Palmer,awilson@miller.org
Kurt,Rogers,nbaker@wilcox.com
Anthony,Keller,mendozakim@harris-smith.com
Jason,Hill,kmiller@sharp-zimmerman.com
Barbara,Bradley,rickykeith@mullen.info
Tiffany,Hart,npadilla@yahoo.com
Bethany,Smith,vargastom@yahoo.com
Tiffany,Haas,hbrown@ramirez.com
Micheal,Larson,emily53@thomas.net
Lori,Preston,hayesedward@gmail.com
Theresa,Carr,hgreer@gmail.com
Nicole,Trujillo,colemanaaron@ross-cox.com
Julia,Williams,jennifergarcia@yahoo.com
Barbara,Peters,steven37@scott.com
Sarah,Bryan,katrina45@yahoo.com
Theresa,Harper,xbush@yahoo.com
Douglas,Medina,gregwood@martin.com
Kurt,Crawford,kari22@gmail.com
Brian,Campbell,martin20@gmail.com
Lindsey,Walker,ericanguyen@gmail.com
Kathy,Booker,gsanchez@hotmail.com
Michael,Randolph,garycowan@gmail.com
Justin,Tran,curtisnicholas@mendoza.org
Jimmy,Chapman,erin13@collins.info
Lisa,Parsons,francisco14@gmail.com
Jamie,Edwards,duane17@cisneros-mccormick.com
Kelly,Olson,caitlinmartin@cole.com
Ronald,Herman,lori47@bryan.com
Victoria,Curry,bstanley@larson-huynh.com
Cynthia,Ramirez,tyrone90@hotmail.com
Ryan,Adams,jpowell@gmail.com
Barbara,Alexander,nathaniel85@carpenter.biz
Jessica,Brooks,erinnelson@vaughn.info
Alexandra,Ray,georgeholly@yahoo.com
Ronald,Davidson,anthonyponce@hotmail.com
Sandra,Phillips,meganwagner@forbes-terrell.info
Frederick,Stanley,pharrison@williams.com
Jacqueline,Garcia,joshuarobles@gmail.com
Manuel,Day,stacey85@hawkins-jones.com
Nicole,Hubbard,gibbspatrick@hotmail.com
Stanley,Martinez,courtney79@phillips.com
Tristan,Martin,fowlerangela@hotmail.com
Samantha,Garcia,flambert@lynch.org
Daniel,Ford,natashaperkins@hall.biz
Debra,Huber,kelseymeyer@perry.com
Christine,Bell,william22@yahoo.com
Keith,Hall,baileyrichard@gmail.com
Chad,Kelly,leah98@gmail.com
Nicole,Grant,kennethhill@yahoo.com
Cynthia,Freeman,coleandrew@garcia.com
Tammy,Mack,bethfernandez@sanders-cooper.com
Stacie,Ballard,ymacdonald@thompson.com
Susan,Rogers,lewisgabriel@gmail.com
Alexis,Williams,ramoskevin@harris.com
Jamie,Walker,elizabethjackson@murphy.com
Kimberly,Sullivan,michael15@gmail.com
Brandy,Smith,phelpsphyllis@hotmail.com
Ashley,Ortiz,hunter16@brown-moore.com
Randy,Reed,jonesbrian@hotmail.com
Kimberly,Carr,erin91@zuniga-miller.com
Jason,Lee,christine97@harrington.org
Denise,Martin,younganthony@moore-levine.com
Tamara,Lopez,baileyderrick@russell-gibson.com
Joseph,Walker,matthew29@morris-smith.info
Lynn,Carson,jackie01@gmail.com
Jason,Kennedy,uboyd@hotmail.com
Michelle,Graves,riosaaron@miranda.com
Sean,Diaz,mallory53@hotmail.com
Kelly,Dixon,katherine98@gmail.com
Jason,Phillips,vdavis@gmail.com
Mark,Williams,christina32@gmail.com
Amber,Lyons,tonyawilson@craig-combs.com
Carla,Levine,kellyyoung@knight.org
Steven,Benitez,emily67@yahoo.com
Susan,Caldwell,dpatterson@yahoo.com
Marissa,Williams,jamesolson@yahoo.com
Monique,Bowman,alan27@vasquez-munoz.com
Judith,Ritter,kherrera@hotmail.com
Laurie,Warren,annaschwartz@yahoo.com
Anthony,Gonzalez,kurt25@gmail.com
Tyler,Diaz,xarmstrong@rivera-gomez.com
Jeffrey,Ray,frenchjames@miller.info
Gabriel,Vasquez,espinozaclaudia@hamilton.com
Bobby,Miller,camposdanny@davidson.com
Savannah,Burns,qriley@owens.org
Johnny,Jimenez,lori67@gmail.com
David,Chen,brianthompson@hotmail.com
Natalie,Potter,jonesrobert@hotmail.com
Benjamin,Reed,qarnold@yahoo.com
Becky,Cordova,wallpatrick@gmail.com
Stacey,Howell,stacy05@hotmail.com
Elizabeth,Hardy,rachel96@marks.com
Linda,Davis,zcollier@gmail.com
Michelle,Martin,brianhernandez@hotmail.com
Christopher,Deleon,sharonsherman@gmail.com
Marie,Washington,qcarter@bass.com
Jodi,Grimes,amberwelch@jones.com
Kerri,Lewis,donnanielsen@morales-mercado.com
Lisa,Myers,johnsonbilly@gmail.com
Elizabeth,Bennett,blacktheresa@scott.com
Catherine,Johnson,zscott@medina.net
Tracy,Morgan,halechad@harris-stone.net
Scott,Smith,jlucas@rodriguez-lewis.info
Stephen,Evans,ryanwhite@curtis.com
Diane,Howard,randallgraves@gallagher.info
Jenna,Woodward,ubowman@gmail.com
Kenneth,Dominguez,epatel@gmail.com
Patty,Smith,karen88@romero.com
Samantha,Burke,hjones@yahoo.com
Savannah,Harris,christine95@yahoo.com
Gabriel,Ward,glopez@hotmail.com
Debra,Butler,abbottmonique@robinson.info
Madison,Golden,stacydaniels@wright.com
Julie,Mejia,halemelissa@yahoo.com
Erin,Parker,nlewis@johnston.com
Kaylee,Paul,matthew28@ortiz-berry.net
Madeline,Taylor,hobbsbianca@yahoo.com
Megan,Moore,vbryant@lewis-hughes.info
Megan,Barnett,dominiquephillips@king.com
Trevor,Wells,pbyrd@hawkins.net
Dana,Norman,sarahmartin@gmail.com
Ashlee,Solis,coxanthony@lewis-sanders.biz
Julie,Herman,john53@henson.com
Sharon,Mcconnell,nicholsjonathan@sanchez.com
Penny,Jackson,roybird@hotmail.com
Donald,Carey,sethjackson@flowers.com
Joseph,Johns,susansmith@becker-glover.net
Justin,Tyler,icarlson@jenkins-smith.org
William,Farmer,katrina61@hotmail.com
Jessica,Haas,ramirezaaron@hotmail.com
Shannon,Holt,tcooper@yahoo.com
Pamela,Garrett,kristenflores@yahoo.com
Mitchell,Sandoval,mkhan@black-day.org
Oscar,Patterson,wallerjoann@fisher.net
Steven,Wolf,wwilliams@yahoo.com
Penny,Fleming,mendezlaura@daniels.com
Catherine,Adkins,tiffany91@hines.com
David,Rodriguez,bennettelijah@murillo-smith.com
Patrick,Lee,vlowery@steele.org
Alexis,Thompson,savagewayne@perry-lopez.com
Stacey,Brown,curtissusan@yahoo.com
Emily,Barton,jessicavillegas@kirk.com
Nicholas,Nelson,jessicawilson@hotmail.com
Maria,Smith,duncankatherine@hotmail.com
Carrie,Murray,zgarcia@yahoo.com
Alicia,Jones,yaguirre@yahoo.com
Matthew,Rivera,achavez@francis.biz
Brian,Sims,baileyharrison@ward.info
Rachel,Duran,gonzalezdale@hotmail.com
Nancy,Torres,jessica68@yahoo.com
Miguel,Ritter,jenkinscolin@carlson-cohen.com
Melanie,Kim,stephanie89@gmail.com
Cindy,Carey,maybarbara@gould.biz
Alyssa,Miller,lisa33@hotmail.com
Lisa,Ho,rblack@richardson.biz
Michael,Wiley,billy73@johnson.org
Jasmine,Richardson,jeremy11@hotmail.com
Timothy,Tate,mayeremily@yahoo.com
Justin,Pierce,kimberlybaldwin@perez.net
Robin,Hanna,victorthompson@carroll-rodriguez.com
Robert,Herrera,tburns@anderson.info
Christina,Wolf,fisherjoshua@yahoo.com
James,Murray,spencerkristin@allen.org
Tyler,West,micheal28@baker-vargas.com
Jane,Fisher,johnsonelizabeth@gmail.com
Rachel,Collins,bethany12@yahoo.com
Derek,Andrews,frodriguez@yahoo.com
Beverly,Herring,jenniferstanley@gmail.com
Christopher,Hatfield,carlsonkevin@wise-tran.com
Gerald,Lopez,eweber@young-davis.com
Tracy,Scott,carlabrown@thomas.com
Thomas,Jenkins,qbarker@hotmail.com
Logan,Bright,atkinsonjames@yahoo.com
Christopher,Johnston,kdawson@yahoo.com
Alexis,Moore,lopezlisa@gmail.com
Kimberly,Pierce,wwilliams@ferguson-parrish.com
Aaron,Tate,maria38@patterson.info
Sophia,Cook,obrown@mccullough.com
Daniel,Howell,peterhuff@mcintosh.com
Levi,Maxwell,gjones@yahoo.com
Jesse,Thomas,qfitzpatrick@yahoo.com
Olivia,Ramirez,lmurphy@gonzalez.com
Lindsey,Roach,rachel36@harvey.biz
Jodi,Holland,hallcynthia@gmail.com
Kristy,Cruz,harrishayden@ramos-chapman.com
Rachael,Santiago,carlahoffman@hotmail.com
Jasmine,Todd,jonestimothy@fletcher.com
Lisa,Spencer,jenniferhall@yahoo.com
James,Krueger,stevenbell@kirby-johnson.com
Katherine,Hensley,jimmymclaughlin@yahoo.com
Andrew,Potter,bradleyalexander@gmail.com
Jeremy,King,sandra46@hotmail.com
Dale,Moore,garciakevin@burns.biz
Robert,Lambert,emma40@faulkner.net
Sandra,Clark,debra99@robinson-lee.com
Shannon,Espinoza,dana03@yahoo.com
Joseph,Young,jodi27@foster-rios.info
Shari,Walters,richardbell@chaney-velez.com
Isabella,Woodward,jason13@elliott.com
Jesse,Delgado,wellsjesse@hunter.info
Kenneth,Morris,ryanveronica@hotmail.com
Lori,Hartman,melanieprice@gmail.com
Krystal,Gibbs,cboyd@chavez.org
Curtis,Gutierrez,katherinevillarreal@townsend.com
Andrea,Wyatt,gdavis@byrd-rodriguez.com
Robert,Garcia,townsendmatthew@vance.com
James,Lewis,fbradley@taylor-robinson.com
Megan,Elliott,derrickparker@gomez.com
John,Dominguez,jeremy40@hotmail.com
Sheila,Clayton,swalters@yahoo.com
Karen,Evans,susan75@thomas.com
Stephanie,Casey,jeffrey17@gmail.com
Jessica,David,sean81@yahoo.com
Mathew,Anderson,cdaniels@yahoo.com
Frederick,Alexander,barronfelicia@leach.com
Alyssa,Olson,arnoldisaac@chavez-shepherd.com
Stanley,Miller,davidward@gmail.com
Luke,Cooper,jennifer25@gmail.com
Alec,Spears,cindy35@molina-peters.info
Terri,Rasmussen,sweeneymonique@flores.net
Kelly,Mills,johnolson@hotmail.com
Michelle,Benson,jason46@hotmail.com
Richard,Hanson,tiffany98@anderson.net
Bryan,Young,bjames@ferguson.com
Richard,Martinez,dharmon@nicholson.com
Mary,Jacobs,perkinscynthia@turner-neal.biz
David,Hayes,michael79@morris.com
Adam,Lewis,staceywhitehead@gmail.com
Ruben,Garcia,mrhodes@hotmail.com
Ricky,Bartlett,warrenvictoria@west.com
Anthony,Schmidt,jeffreyestes@pratt.com
Jeremy,Duarte,drewrogers@yahoo.com
Tony,Rios,uburns@warner.com
Amanda,Johnson,cookandrea@higgins-wright.com
Elizabeth,Gregory,trevor89@gmail.com
Courtney,Fields,dmoore@yahoo.com
Christine,Charles,hchristian@gibbs.com
Brad,Pearson,wolfeamy@yahoo.com
Darrell,Peterson,melissa35@hotmail.com
Louis,Lin,clarkheather@taylor.com
Kathryn,Perez,jill31@mcgrath.org
Rebecca,Stone,duranangela@brown.info
Bryan,Curtis,stephanie25@gmail.com
Shannon,Lee,ryan82@hotmail.com
Jessica,Miller,kenneth88@yahoo.com
Brandon,Barrett,jeffreyadams@yahoo.com
Justin,Wilson,hgregory@gmail.com
Barbara,Allen,browngrace@clarke-clark.net
Susan,Torres,ddaniels@gmail.com
Robert,Hall,wilsonashley@yahoo.com
Regina,Collins,samantha15@gmail.com
Jorge,Foster,tiffanymiller@gmail.com
Hunter,Lopez,spencercatherine@gmail.com
Teresa,Sloan,nataliereynolds@yahoo.com
Anna,Dennis,nadams@yahoo.com
Jennifer,Murphy,michaelsexton@weiss.com
Michael,Cordova,jennifer00@hotmail.com
Amy,Newton,jlewis@dunn-williams.com
Stephanie,Patel,uwright@farley.biz
Austin,Lee,myersjonathan@garcia-harrell.com
Andrew,Savage,laura73@wilson-woods.com
Scott,Case,beardsarah@bruce.biz
Daryl,Wood,zsmith@hotmail.com
Sarah,Willis,mendozakathleen@patrick.com
Cassandra,Rios,samantha92@evans-powell.info
Renee,Houston,sara74@yahoo.com
Laura,Porter,acostabrandon@hotmail.com
Ashley,Davis,pestes@yahoo.com
Rebecca,Proctor,deborahhammond@yahoo.com
Jesus,Shepard,kmiles@hotmail.com
Charles,Bryant,martinezalexandria@parker.com
Tina,Garza,salazarcaitlin@taylor-fuller.com
Brian,Foster,ricky13@roberson-peterson.com
Holly,Smith,rhernandez@elliott.com
Dawn,Jones,andersonlynn@gmail.com
Edward,Hunter,patriciamartin@hotmail.com
Patricia,Miller,qgarrett@anderson.info
Andrew,Francis,lynchjohn@briggs.com
James,Hanson,alfred06@warren-lee.net
Alexis,Hill,anthonywade@moran-roth.com
Stephen,Barnes,jessica68@morrow.com
Erin,Mcgee,vanessaknight@gmail.com
David,Cook,josephperez@hotmail.com
Michelle,Perry,ryanayers@gmail.com
Jessica,Avila,bbarker@hotmail.com
Nathaniel,Griffin,johnsonbrandy@perez.org
Joseph,Rush,richardsandoval@frye.biz
Jessica,Garrett,grantricardo@black.com
Kayla,Bender,carla41@harris.info
Nicholas,Rivas,kramercameron@haas.net
Stephanie,Carr,rebekah90@yahoo.com
Phillip,Oliver,ujordan@kennedy.net
Sarah,Perry,andrew59@martinez-patterson.com
Molly,Leonard,mitchellmiranda@yahoo.com
Henry,Brown,juan58@church-chambers.com
Dana,Miller,jesus07@mejia.com
Daniel,Matthews,hoffmandavid@mason-johnson.org
Tina,Gillespie,wardchristopher@taylor.com
Matthew,Rodriguez,alexandermonica@gmail.com
Robert,Clark,vsalinas@coffey.org
Victoria,Barnes,zsimmons@gmail.com
Reginald,Campbell,cynthianovak@hotmail.com
John,Mayo,wheelercaitlin@gmail.com
Daniel,Carney,lsanders@caldwell.com
Donna,Watson,tperez@hotmail.com
Monica,Jones,paul24@thomas.info
Audrey,Cook,wilsonjulie@yahoo.com
Michael,Thompson,maryroman@vargas.com
Marc,Snyder,taylordylan@hotmail.com
Brian,Haney,tammyphillips@gmail.com
Gerald,Gregory,michellemccall@contreras-jones.info
Cynthia,Morrison,rhoffman@hotmail.com
Jacqueline,Holden,jacksonthomas@clark-mendoza.org
Robert,Wagner,rogerlee@yahoo.com
Laura,Pacheco,cody91@yahoo.com
George,Young,heatherhenderson@hotmail.com
Christopher,Lara,richardjohnson@ramos.com
Lisa,Gray,guerreroeric@hotmail.com
Jennifer,Bautista,johnsoncynthia@yahoo.com
Courtney,Jones,luis11@sweeney-rivera.com
Alison,Alvarez,matthewarnold@gmail.com
Jill,Kelly,fsimon@hall.net
Amber,Mendez,paul78@grant.com
James,Dixon,zleonard@richardson.com
Nichole,Young,herrerajulie@hurst.biz
David,Castillo,timothybarron@gmail.com
Sharon,Morrison,dukekaren@gmail.com
William,Larson,garciakimberly@hotmail.com
Brandon,Weeks,dawsonanthony@yahoo.com
William,Fitzgerald,lancemorris@hotmail.com
Katie,King,ricardowilkins@gaines.com
Robert,Williamson,joshua54@brown-smith.net
Leah,Howard,brandonscott@russo.com
James,Young,smithdylan@riley.biz
Joshua,Mendoza,jbeltran@green-hart.biz
Kyle,Parker,latoya86@yahoo.com
Tracy,Williams,susanmcgee@robinson.info
Teresa,Davidson,jeffellis@graham-barnes.net
Nathan,Williams,scott97@holden.com
Traci,Gonzalez,williamskathryn@grant.com
Cindy,Spencer,lewisbrittany@garcia.com
Brandy,Olson,jeremyrobertson@morgan-tyler.com
Erika,Jones,opatel@gmail.com
Laura,Valentine,connor78@hunter-galloway.biz
Douglas,Reyes,htorres@torres.com
Maria,Thomas,elizabeth85@curtis.info
Dennis,Rodriguez,ocantrell@cameron.com
David,Howell,egray@hotmail.com
Marco,Hood,laurakeith@curry.info
Mary,George,martinanthony@ward.com
Chelsea,Martin,waredaniel@gmail.com
Steven,Ferguson,chad40@barrett.org
Michael,Guzman,stephanie77@hotmail.com
Jeffery,Soto,qgonzalez@gmail.com
Jennifer,Stewart,davidtrevino@gmail.com
Riley,Howe,samuel39@gmail.com
Justin,Costa,gwilkinson@miller-woodard.com
Tanya,Wright,andreamiller@gmail.com
David,Esparza,vwilliams@jones.com
Jesse,Wiley,shellyanderson@pierce.net
Sean,Ray,lisasoto@davis-fernandez.info
Heather,House,nburgess@suarez-wagner.com
Rebecca,Wheeler,mooneyamanda@williams.org
Terri,Wilson,cantukimberly@hotmail.com
Scott,Stephens,jonathancampbell@hotmail.com
Carolyn,Rose,amysheppard@hall.com
Anthony,Rios,lindaconway@pitts.com
Yolanda,Taylor,grant91@hotmail.com
Micheal,Thornton,kingchristie@hotmail.com
Trevor,Turner,sotojoseph@hotmail.com
David,Berry,alexandereduardo@taylor-wilkins.com
Patricia,Ford,allison82@hotmail.com
Judy,Henry,fturner@hotmail.com
Scott,Stephenson,joshuasharp@stewart-gonzalez.com
Michelle,Jennings,halljeremy@mason-williams.com
Nicole,Simmons,stephanie94@gmail.com
Jacob,Brandt,ellen62@davis.com
Michelle,Jones,vbrooks@chavez.info
Lauren,Massey,matthew53@erickson.biz
Tina,Jackson,portiz@hotmail.com
Brittany,Burton,barbara73@meyers-frazier.com
Jonathan,Caldwell,troy66@gmail.com
William,Leonard,jenkinsbarry@gmail.com
Natasha,Edwards,hoganclinton@gmail.com
Julie,Diaz,sevans@hotmail.com
Hector,May,michaelbrooks@yahoo.com
Jackie,Berry,jaclyn69@hotmail.com
Angela,Lawrence,omendez@yahoo.com
Samuel,Perry,ricepeter@ryan.org
Michael,Rich,michael49@yahoo.com
Kristin,Dean,davidwilliams@brown.biz
Michael,Lee,iaguirre@carson-cross.com
Tammy,Brown,david90@taylor.net
Carmen,Cook,shelly67@contreras.org
Peter,Woods,kelly79@robinson.org
Natalie,Zimmerman,deborahharris@gmail.com
Andrea,Hammond,curryjohn@farley.net
Cindy,Simon,edwin29@johnson.com
Shane,Richards,tina80@gmail.com
Corey,Davis,grahamshannon@gmail.com
Caitlin,Campbell,heidimartin@hotmail.com
Susan,Schmidt,vmartinez@hotmail.com
Derek,Gibson,douglascole@gmail.com
Jacqueline,Willis,cory73@gmail.com
Mark,Salazar,lisamorgan@hughes.com
Cristian,Whitney,ihoward@allen.info
Wendy,Lane,harperpedro@yahoo.com
Carlos,Phillips,teresafrye@yahoo.com
Rodney,Johnston,justin18@yahoo.com
Derrick,Hampton,shirleybartlett@hotmail.com
Nancy,Wright,ebyrd@yahoo.com
Tina,Hicks,davisjennifer@beck.com
Laurie,Chaney,wruiz@burke.org
Robert,Mendoza,williamsnicole@olson.info
Paul,Kelly,tina14@gmail.com
Christopher,Welch,xlewis@yahoo.com
Jennifer,Hart,jdavis@hill.com
David,Wagner,williamsteresa@gmail.com
Barbara,Kelly,palmermichael@reed.info
Christopher,Garrett,brendan34@erickson.com
Anthony,Pham,samantha11@gmail.com
Evelyn,Moody,whitney71@yahoo.com
Justin,Miller,cynthia55@diaz-russell.com
Scott,Glenn,jeremyharrington@gmail.com
Michelle,Jones,suareztheresa@yahoo.com
Nicholas,Rasmussen,tarabrown@johnson.com
Kimberly,Lopez,iboone@gmail.com
Crystal,Davis,dcrawford@flynn.org
Sandra,Walls,elizabethcooley@hotmail.com
Richard,Fischer,amandalindsey@yahoo.com
Joshua,Haney,richardcummings@hotmail.com
Monica,Dennis,obailey@gmail.com
Dean,Li,susan82@mitchell-vargas.com
David,Jones,qadams@gmail.com
Rebecca,Evans,jerry96@yahoo.com
Lee,Garcia,jbarnes@gibbs.com
Cody,Ruiz,davidjackson@dunn.com
Sara,Oliver,abrock@gmail.com
Kimberly,Potts,kball@hotmail.com
Matthew,Baker,matthewharding@neal.com
Barbara,Hurst,qrodriguez@king.biz
Yolanda,Hurst,michelle66@ross-smith.org
Christian,Thompson,cherylbarr@madden.com
Lisa,Gibson,mclaughlinmary@wall.biz
Gary,Perry,rebeccawarner@hotmail.com
Katherine,Barajas,austinortiz@gmail.com
Michael,Morris,bhooper@gmail.com
Jacob,Suarez,sarah28@harris-sullivan.com
Destiny,Hughes,fpayne@gmail.com
Paul,Snyder,jorge88@gmail.com
Andrew,Rocha,natalie77@yahoo.com
Eric,Hamilton,elizabethbaker@payne.info
Katherine,Cline,aclark@miller-sanchez.com
Ricky,Pena,hansenmark@gmail.com
Wesley,Aguirre,brandon37@gmail.com
Samantha,Byrd,istrong@weber-pierce.com
Matthew,Gregory,uclark@atkins.com
Tammy,Davis,alexandra38@keith-castro.biz
Nathaniel,Smith,amypham@yahoo.com
Albert,Daniel,robert22@hill-benton.info
Connor,Bailey,cervantesjeffrey@jackson-carter.com
Robert,Johnson,pamelalogan@thompson-boyle.com
Jason,Robinson,garrettkristen@gmail.com
Kevin,Simon,colleen81@mclaughlin.com
William,Torres,williamsjason@hotmail.com
Natalie,Baker,marissa49@yahoo.com
James,Stanley,debra55@gmail.com
Katherine,Taylor,harttony@shaw.org
Paula,Beltran,fordann@hotmail.com
John,Deleon,johnsonjonathan@shelton.com
Andrew,Hill,woodssharon@gmail.com
Charlotte,Rodriguez,lisawalters@gmail.com
Jennifer,Hernandez,erinbean@yahoo.com
Anna,Contreras,bramos@mitchell.com
Lawrence,Medina,belljordan@yahoo.com
Scott,Sampson,masonhernandez@yahoo.com
Patricia,Pratt,shannonrose@hotmail.com
Christine,Sanders,fowlerjonathan@patterson.biz
Timothy,Ayala,katelyncarlson@alvarez-liu.com
Taylor,Martinez,tnorman@hotmail.com
David,Miranda,krussell@alvarez-smith.net
Laura,Swanson,debbiemckinney@hotmail.com
Daniel,Williams,omorales@dyer.biz
Becky,Simmons,shawnhayes@norris.info
Jennifer,Baker,kimberly02@yahoo.com
Rachel,Turner,felicia53@davis-melton.org
Samantha,Perry,johnsonjacqueline@klein-archer.com
Samantha,Sanchez,heatherlara@salas-quinn.org
Zachary,Swanson,dunnlarry@hotmail.com
Stacy,Roman,eperez@gmail.com
Julie,Hansen,hhawkins@hughes-frey.net
Morgan,Ramos,christophergraham@campbell.biz
Teresa,Rodriguez,shirleygeorge@gonzalez-hicks.com
Veronica,Williams,lawrence11@harvey.com
Joseph,Mcdonald,gallowaywilliam@collins-miller.com
Robin,Brown,xmurphy@gmail.com
Angela,Leon,rjones@powers-alvarez.biz
David,Ray,jim05@gmail.com
Lauren,Henderson,willistheresa@gmail.com
Caroline,Johnson,michelle92@yahoo.com
Maria,Hill,millerjessica@hotmail.com
Rodney,Moore,ywolfe@yahoo.com
Jose,Woodard,mschultz@gmail.com
Kimberly,Guzman,wpeters@gmail.com
Robert,Bolton,ericmaynard@adams-morris.org
Leslie,Collins,bobbyduran@harris-sanchez.info
Victoria,Berry,orogers@fitzpatrick.com
Amanda,Lee,rebecca87@gmail.com
Jerry,Riggs,justinfuller@gmail.com
Julie,Williams,tracimunoz@gmail.com
James,Ramirez,taylorchristopher@yahoo.com
Charles,Gonzalez,youngjames@martin-saunders.com
Christian,Harrison,walkerronald@hotmail.com
Jamie,Sexton,juarezmeghan@lewis-garcia.org
Gary,Martinez,tammytorres@hotmail.com
Ryan,Clayton,nandrews@perry.com
Brandi,Patterson,sharonevans@thomas.com
Tiffany,Herrera,caleb13@hotmail.com
Peter,Johnson,balvarez@yahoo.com
Jacob,Lee,joshua71@ho.com
Carrie,Cortez,karenflowers@yahoo.com
Austin,Stafford,goodcolton@gmail.com
Paul,Suarez,joseph51@gmail.com
Jimmy,Horton,burchsara@hall.biz
Sally,Woodard,christinedavis@stuart.com
Roberta,Roberts,ballardgavin@vargas.com
Suzanne,Rojas,nmartinez@castillo.net
Laura,Soto,mariacarter@johnson-smith.com
Whitney,Davis,ncardenas@gmail.com
Benjamin,Richardson,ryanjohn@yahoo.com
Kelly,Daniel,donald32@yahoo.com
Joshua,Shields,bradley27@yahoo.com
Brett,Lee,toddsanders@parks-summers.com
James,Morales,andrew24@yahoo.com
Keith,Maxwell,molinaandre@vargas-calderon.org
Michaela,Wilson,toddlee@garcia.com
Susan,Moore,shawnromero@yahoo.com
Pamela,Soto,samantha18@hotmail.com
Richard,Bates,tmcpherson@wheeler-vaughn.com
Bryce,Thomas,woodwardjessica@harrison.com
Shelby,Davis,perkinserica@schaefer.org
James,Allen,mclark@yahoo.com
Ashley,Rojas,samuel09@gmail.com
Brenda,Taylor,derek95@yahoo.com
Dana,Sampson,michellecrawford@kelly-kline.net
Kevin,Waters,kyleramirez@gmail.com
Karen,Reed,dle@yahoo.com
Maria,Graves,dixonbrian@yahoo.com
Michael,Hicks,patrickkennedy@lewis.info
Brooke,Ruiz,edwardmarquez@hotmail.com
Hailey,Smith,masonjoshua@hotmail.com
Diane,Andersen,leslie64@hotmail.com
Matthew,Doyle,tracysolis@roberts-newman.com
Jason,Mendoza,molly81@yahoo.com
Adam,Roth,marcusmejia@cooper.com
Patricia,Johnson,iroach@evans-patel.com
Pamela,Anderson,rebecca74@gmail.com
Jonathan,Neal,ashley70@harrison.com
Lauren,Holmes,htorres@yahoo.com
Candice,Yates,lmacdonald@gmail.com
Dylan,Mathews,egomez@taylor.com
Diana,Robinson,briannajohnson@phillips.net
Kimberly,Zimmerman,rmontgomery@yahoo.com
Jamie,Meadows,oedwards@williams.org
Samuel,Herrera,mtownsend@hurst.com
Erin,Gutierrez,gregoryrogers@yahoo.com
Eric,Gibbs,brandonfischer@porter.com
John,Duke,ddurham@yahoo.com
Brandy,Baker,bbeck@gmail.com
Sandra,Ward,hzimmerman@evans.com
Eric,Roberts,harrisscott@yahoo.com
Kiara,Gonzales,william05@wood.org
Amber,Oconnor,rwoods@gmail.com
Erin,Phelps,swansonkyle@yahoo.com
Michael,Johnson,dmartin@hotmail.com
Timothy,Baker,smithchelsea@gmail.com
Jason,Barrera,youngdonald@hotmail.com
Aaron,Garcia,david58@carpenter.info
Timothy,Smith,sanchezjames@vargas-lopez.com
Joseph,Foster,amberhoward@adams-howard.com
Edward,Wilkins,brittanysmith@munoz-molina.com
Joseph,Cain,scottmiller@gmail.com
Melissa,Becker,steventhomas@gmail.com
Jasmine,Wong,matthewtaylor@scott.info
Stephanie,Young,ewingryan@caldwell.net
Angela,Jones,jfernandez@fox-richardson.net
Molly,Oneill,brendalowery@gmail.com
Shirley,Huff,nharris@hall.org
Lisa,Thompson,donnahampton@brown.net
Mary,Jackson,morajulia@watson.com
Andre,Pearson,mooretara@gmail.com
Elizabeth,Williams,salazardylan@moreno.com
Alexandra,Ball,amandaerickson@williams-church.com
Timothy,Middleton,monicatucker@lee.net
Dawn,Shelton,juanflores@gmail.com
Michelle,Carter,barbara54@hotmail.com
Meredith,Taylor,ialvarez@flores.com
Steven,Jackson,markrodriguez@neal-jackson.biz
Robert,Simmons,reedanna@gmail.com
Kimberly,Moore,andrew61@young.info
Rebecca,Cooper,michellebarker@hotmail.com
Nancy,Newman,natalie84@lopez.com
Brandon,White,tsimmons@hotmail.com
James,Rodriguez,bryan34@weiss-wong.com
Barry,Williams,hrobinson@hotmail.com
Ryan,Klein,nathan28@hotmail.com
Walter,Burnett,jesse32@lewis-robbins.com
Theresa,Guerra,websterbryce@rivera.com
Courtney,Wright,wattskarina@avila.com
Charles,Nelson,yvonnehaas@hotmail.com
Arthur,Newman,qhernandez@webb.net
Courtney,Simon,smithdiana@hotmail.com
Justin,Faulkner,randystanley@hotmail.com
Eric,Jones,dwagner@johnson.com
Jacqueline,Velez,igriffin@thompson.com
Christopher,Anderson,hannahbrown@conrad.org
Daniel,Turner,brianna60@campbell.org
Cindy,Cowan,sarah77@werner.biz
Joshua,Mcguire,pattersonsean@hotmail.com
Brittney,Thompson,juan32@yahoo.com
Robert,Merritt,aaron57@yahoo.com
Randy,Francis,ddavid@caldwell.com
Ryan,Williams,bakermatthew@yahoo.com
Roberto,Martin,osmith@fisher.org
Alexandra,Vance,matthew67@wall.org
Charles,Allen,lpalmer@gmail.com
William,Martin,whitemorgan@clark.net
Catherine,Barr,jeffreycain@cline.org
Judy,Wolfe,jasoneaton@francis.biz
Erik,Griffin,tatekayla@franco.net
Matthew,Graham,morenojodi@gmail.com
Joseph,Smith,vabbott@yahoo.com
Shannon,Martinez,brhodes@hotmail.com
Dylan,Krause,olove@pugh.net
Carolyn,Farmer,nancy59@evans-thompson.com
Michael,Rodriguez,mpeters@gmail.com
Shannon,Weaver,smithderek@bullock.biz
Alexandria,Mendez,apatterson@rodriguez.org
Jacob,Carlson,yritter@hotmail.com
David,Green,michael16@olson.com
James,Browning,matthew64@kim-camacho.com
John,Hopkins,fhoover@yahoo.com
Catherine,Cortez,bryan99@goodman.com
Summer,Ferrell,kimberlygarcia@vega.org
Phillip,Diaz,stephen17@scott.info
Zachary,Phillips,justin13@peters-lee.biz
Joseph,Miller,frederickeric@webb-scott.org
Donna,Chavez,bennettcrystal@coleman-briggs.com
Christine,Oneal,ramireztara@yahoo.com
Emily,Hayes,sgardner@jones.info
Austin,Anderson,smithjoseph@yahoo.com
Robin,Jacobs,fgray@gmail.com
Scott,Byrd,april24@yahoo.com
Sheryl,Richardson,aaronmurphy@yahoo.com
Heather,Hudson,ogrimes@yahoo.com
Susan,Morgan,pbarber@montes-gibson.com
Harry,Mckenzie,charles28@acosta-nichols.net
Michelle,Hall,humphreychristopher@hotmail.com
Michael,Jones,rita98@gmail.com
Aaron,White,rrios@gmail.com
Jessica,Kemp,kathy60@gmail.com
Ethan,Larson,saraalvarez@bennett.info
Ashlee,Wells,chad55@torres.net
Shelley,Ramos,smithdennis@brown-robinson.biz
Tammy,Harrison,ayalakathryn@hotmail.com
Jason,Jarvis,anne55@leonard-reed.org
Charles,Barrett,bryan22@hotmail.com
Danielle,Moore,vbaker@hotmail.com
Jeremy,Robinson,melissa48@myers-torres.com
Kimberly,Thomas,pamelaowens@campbell.com
Kathleen,Pitts,crawfordjamie@yahoo.com
Kenneth,Roberson,lesliecraig@yahoo.com
Linda,Davis,xmartin@anderson-clarke.com
Kevin,Young,joelhutchinson@walker-torres.org
Shane,Madden,chutchinson@davis-donaldson.org
Cory,Smith,dgibson@hotmail.com
Joshua,Walls,fpayne@miller.com
Rebecca,Johnson,hicksmonica@gmail.com
Stephanie,Washington,carrie76@wang-york.info
James,Perkins,smithdwayne@page.com
Jacob,Thompson,bcarroll@gmail.com
Sara,Wood,smithkimberly@weaver.org
Ryan,Burke,ewebb@hotmail.com
Cody,Brown,marcia29@gmail.com
Allison,Gilbert,cwong@hotmail.com
Kathryn,Hill,angela50@cook.com
Karen,Huber,matthew05@hotmail.com
Christopher,Manning,pachecobradley@richardson.com
Tamara,Bennett,qcohen@miller-cherry.info
Douglas,Branch,lindakoch@martin.com
Dennis,White,victoriasmith@yahoo.com
James,May,vgreen@green-gilmore.info
Erik,Foley,paigemason@dawson.org
Andres,Harding,williamdavidson@perez-vazquez.net
Beth,Garcia,catherinemacdonald@stevens.com
Kyle,Soto,hmartin@singleton-butler.com
Debra,Hampton,westcarmen@hotmail.com
Sharon,Parker,victoriariley@yahoo.com
Danielle,Mercado,mrichardson@livingston.com
David,Miller,wilsonalexis@yahoo.com
Olivia,Bishop,derrickbryant@massey-mcdonald.info
Norma,Wright,waguirre@yahoo.com
Robert,Perez,phillip76@duncan-wilson.info
Melissa,Middleton,tammyschmitt@hotmail.com
Amanda,Newton,mspears@gmail.com
Julie,Jordan,kari82@hotmail.com
Patty,Gomez,andrewlloyd@wright.biz
Sarah,Bruce,stacybrown@gmail.com
Alexander,Aguilar,austin18@hotmail.com
Laura,Barry,wisebailey@hotmail.com
David,Fuentes,ochoabrandy@gmail.com
Luis,Wilkins,lopezstephen@gmail.com
Joshua,Anderson,allison89@hotmail.com
Robert,Melton,emily11@tyler.com
Nancy,Allen,hhubbard@robertson.com
Patrick,Martin,reedpeggy@wilson.info
Dennis,Williams,dana40@hotmail.com
Amy,Wilson,athompson@woods-reynolds.com
Mike,Williams,russellmichael@hotmail.com
Dean,Steele,jacobjohnson@lewis.com
Janet,Johnson,alejandrobenson@white-olson.info
Malik,Shaw,thomasvilla@garcia.com
Olivia,York,michaelconrad@weaver-nunez.com
Catherine,Ramos,annahayden@hotmail.com
Patrick,Pope,nancy58@gmail.com
Brenda,Graham,sandra10@callahan-robinson.com
Danielle,Kim,normacontreras@moore-crosby.com
Charles,Flores,mariewarren@hotmail.com
Heather,Fowler,fcross@weaver-hampton.com
Cassandra,Gardner,spencerburnett@hotmail.com
Hailey,Gomez,youngjill@martinez.biz
Jill,Browning,itrevino@thompson.com
Suzanne,Wilson,trodriguez@finley.biz
Lynn,Torres,taylorrachel@mendoza-wolfe.com
Amy,Vasquez,zachary06@gmail.com
Alyssa,Galvan,nunezcarolyn@gmail.com
Kathleen,Thomas,contrerasronald@hotmail.com
Nancy,Perez,lbolton@hernandez-lewis.com
Gabrielle,Ramirez,stonekevin@yahoo.com
Dean,Chen,kelly10@hotmail.com
Amber,Hale,williamgrimes@hotmail.com
John,Patel,swood@yahoo.com
Jessica,Grant,andrew79@williams-stuart.info
Tyler,Bailey,daniel18@gmail.com
Ethan,Oliver,dholder@fisher.com
Melissa,Ashley,sandra31@hotmail.com
William,Vasquez,kimberlywhite@turner.info
Kathy,Bauer,dannybailey@carlson-cantu.com
Robert,Fisher,nadams@hotmail.com
Andrew,Brown,kreid@lozano.com
Monica,Rose,jerry56@gmail.com
Jacqueline,Watson,ellen67@miller.com
Kristin,Lynch,qhenry@yahoo.com
Joshua,Joseph,amoore@gmail.com
Anthony,Taylor,kwalker@solomon.biz
Regina,Lewis,katherinealexander@hotmail.com
David,Ramos,taylorrebecca@jones.com
Laurie,Floyd,philip79@landry.com
Amanda,Morris,taylorroberto@wheeler-copeland.com
Lisa,Mccormick,christophermorton@yahoo.com
Elizabeth,Thomas,johnstonmichael@young.com
Jamie,Franklin,rivasbradley@reid.org
Ann,Thompson,harmonjanice@gmail.com
Joseph,Lester,masonkimberly@hotmail.com
Kelly,Martin,castropaula@adams-spence.info
Ashley,Reeves,charles69@gmail.com
Jeffrey,Klein,randerson@hotmail.com
Joseph,Lane,annaperkins@yahoo.com
James,Blackburn,crystal53@yahoo.com
Jessica,Peters,randalllambert@bautista.net
Gary,Griffin,eatondavid@yahoo.com
Andrew,Washington,kelly55@singleton.biz
Joe,Knight,hendricksmartin@hotmail.com
Christina,Brock,johnsondavid@gmail.com
Sherry,Martinez,tammydixon@cain.com
Brian,Rivera,wisemeagan@lawson.com
Grant,Anderson,christopher65@wright.biz
Courtney,Clarke,craigscott@yahoo.com
Kelly,Parker,joel29@morales-townsend.com
Samantha,Williamson,vanessa37@adkins.com
William,Mason,harriswilliam@davidson.com
Michael,Jackson,cynthiagonzalez@hotmail.com
Karen,Fuller,idoyle@haynes-jennings.com
Ryan,Callahan,megan52@pace.com
Brittany,Bautista,albert34@wiley.com
Timothy,Evans,broberts@torres-brooks.info
Hayley,Ramos,gloverchase@yahoo.com
Sherry,Collins,kellygoodwin@kelley.com
April,Shelton,julian04@hotmail.com
Stephanie,Miranda,pmartin@downs-douglas.info
Ivan,Harmon,stephanie10@yahoo.com
Christina,Smith,jking@gmail.com
Katie,Salazar,jason81@stewart.com
Jodi,Ross,hlong@yahoo.com
Connie,Chung,torreschristine@yahoo.com
Deborah,Preston,edwardmccarty@hotmail.com
Kurt,Knight,jonathon02@harris.com
Michael,Williams,wilsonvanessa@rush.com
Tracy,Gaines,kennethwilliams@hotmail.com
Joann,Caldwell,chadmorton@oconnell-hunt.com
Scott,Hunt,doughertyheidi@hines.net
Jose,Shields,michaelcarson@hall-taylor.org
Mark,Nicholson,jacobsoto@yahoo.com
Misty,Rivera,curtis94@gardner-harris.info
Ashley,Roberts,craig51@gmail.com
Amber,Robinson,marylopez@ramos-kramer.com
Daniel,Brown,david33@barber.net
Joshua,Robertson,christina63@hughes.com
William,Cunningham,carolyn29@miller-ramirez.com
Beth,Allen,floresjoseph@costa.com
Joseph,Gutierrez,kenneth64@yahoo.com
Jennifer,Nash,leesnyder@becker.info
Carl,Gamble,catherine95@yahoo.com
Catherine,Freeman,jeanwoods@gmail.com
Michael,French,vfernandez@thompson-williams.com
Taylor,Whitney,adam18@sparks.com
John,Diaz,mckenziemichael@soto-gallegos.org
Traci,Wu,singletondebra@miller.org
Joseph,Gibson,suzannerodriguez@riley.info
John,Martinez,combsthomas@phillips.com
Katelyn,Williams,fpaul@yahoo.com
Tara,Winters,orodriguez@murray.net
Craig,Jenkins,nelsonrobert@sloan.com
James,Chan,ngonzalez@hotmail.com
Jose,Bailey,juanallen@hotmail.com
Kevin,Smith,woodmichael@garcia.com
Cynthia,White,bmitchell@yahoo.com
Kenneth,Phillips,adriana98@yahoo.com
Veronica,Jenkins,alittle@bell.info
Monica,Washington,kelleyjulie@gonzalez-jennings.biz
Katie,Myers,andrew76@hotmail.com
Erika,Brennan,millerkimberly@hotmail.com
Donna,Rhodes,iyoung@gmail.com
Xavier,Castillo,jacksonlawrence@gmail.com
Alex,Jones,kathryngarcia@cole.com
Andrew,Andrews,john64@thomas.com
Andrew,Rose,theodore01@arnold.net
Amber,Valdez,mwalters@hotmail.com
Edwin,Harris,anne41@cowan-arias.org
Jennifer,Santos,gwagner@phillips.com
Kristina,Schmidt,dayers@cobb-becker.com
Victoria,Coleman,zhangann@hotmail.com
David,Lopez,patriciaford@gmail.com
Richard,Campbell,stephen28@gmail.com
Amanda,Rojas,heather99@mitchell.info
Dylan,Santos,carrjonathan@yahoo.com
Tamara,Jones,kylelopez@hotmail.com
Jeffrey,Hendrix,christina14@hotmail.com
James,King,christopher69@kelly.com
Christian,Beasley,wandagardner@hotmail.com
Shelley,Spencer,christian00@hotmail.com
Jennifer,Holt,alexandra92@duke-crawford.biz
Anna,Lane,melaniesmith@hotmail.com
Michael,Williams,harrislori@yahoo.com
Margaret,Bell,matthew55@yahoo.com
Brian,Burns,thomasmacias@yahoo.com
Debra,Rivera,erica33@gmail.com
Sarah,Webster,zhamilton@hotmail.com
Amanda,Johnson,tina09@hall.info
Candice,Davis,jwallace@gmail.com
Tammy,Smith,lisa20@yahoo.com
Lucas,Smith,caldwellcatherine@owen-roberts.com
Henry,Graham,sanchezdavid@thomas.com
Daniel,Lane,lynnwilliams@yahoo.com
Betty,Calderon,jonesstephanie@horton-diaz.net
Jamie,Anderson,jrobinson@yahoo.com
Jasmine,Wilson,carterrandall@yahoo.com
Justin,Bennett,stephenturner@jones.info
Austin,Golden,hbowers@hotmail.com
Russell,Franco,allensarah@hernandez-garcia.net
James,Richardson,samantha16@holmes-duncan.biz
Frank,Schultz,rodriguezcassandra@hotmail.com
Larry,Zavala,scohen@burke.net
Justin,Shea,michaelwall@gmail.com
Dawn,Williams,robertweber@gmail.com
Aaron,Smith,raymondevans@perez-hester.com
Natalie,Hogan,garystephenson@yahoo.com
Matthew,Taylor,montgomerybrian@yahoo.com
Lisa,Williams,mckeejamie@webster.com
Lisa,Craig,dillondaniel@mcmillan.biz
James,Peters,stephen18@yahoo.com
Madeline,Calderon,christophergraham@bauer.com
Denise,Thompson,xharris@figueroa-paul.biz
Daniel,Wilson,juan30@gmail.com
Alyssa,Robertson,carolinehurst@rogers-wilson.org
Duane,Craig,qjimenez@gmail.com
Joan,Morgan,jake73@gomez-randall.info
Rachel,Stark,garciachristina@brooks-rodgers.biz
Natasha,Mendoza,davidfloyd@hotmail.com
Erika,Smith,rebecca40@hotmail.com
Heather,Bentley,cherylcaldwell@yahoo.com
David,Banks,robert68@gmail.com
Derek,Williamson,cgray@graham.biz
Zachary,Dodson,ppierce@lee.com
Andrea,Robinson,calebbrown@yahoo.com
Aaron,Robertson,kara52@hotmail.com
Sierra,Kelly,allison60@taylor.com
Roberto,Anderson,mary59@graves-estrada.biz
Beth,Bell,petersenandrea@taylor-mcdaniel.org
Derek,Gutierrez,gentrytodd@elliott.com
Steven,Mays,utaylor@howard.com
Charles,Gonzalez,jamessimpson@krause.com
Shawna,Acevedo,brenda44@yahoo.com
Tyler,Foley,batesjuan@garcia.com
Michelle,Dominguez,schoi@myers-powell.info
David,Hill,zacharyfuller@brown.com
Barbara,Carroll,deleonjacob@sims-lewis.info
Justin,Gregory,jamessmith@serrano-rios.biz
John,Williams,ibarrabridget@gmail.com
Brian,Gonzalez,dmoreno@walker-torres.org
Jeffrey,Garcia,joseph16@yahoo.com
Kyle,Jenkins,april59@osborne-long.net
Jeffrey,Smith,bandrade@hotmail.com
Frank,Howard,james97@hunt.com
Pam,Mullins,dwallace@hotmail.com
Alicia,Gates,wgood@hotmail.com
Jacqueline,Baker,arnoldmarissa@martinez.info
Stephen,Watkins,michaelporter@hotmail.com
Jessica,Santana,lkennedy@murphy.info
Michael,Tate,matthew20@blake-jackson.com
Mark,Hines,emily40@bush.com
Michael,Walters,xjones@jones.org
Rebecca,Lewis,cookbrian@matthews.com
Meagan,Garner,ywheeler@yahoo.com
Christian,Orr,iwest@collins-baldwin.com
Jacob,Maddox,donald08@hanson.info
Matthew,Decker,deborah63@henderson-adams.com
Jerry,Miller,joseph40@sandoval-watkins.com
Daniel,Bradshaw,qmoreno@gmail.com
Austin,Nunez,vdonaldson@gmail.com
Heather,Collins,martinjeffrey@gmail.com
Paul,Duran,gpeck@yahoo.com
Cody,Faulkner,maciasdavid@martinez.com
Jessica,Harrison,dwayne56@baldwin-hunt.com
Kurt,Williams,perezmichelle@perry-miranda.com
Angela,Gonzalez,vortega@gmail.com
Michael,Phillips,patrick65@hotmail.com
Robert,Bailey,aaronolsen@scott-kramer.com
Michael,Green,nbrown@ford.com
Stephanie,Gonzalez,ugonzalez@daniels.com
Amanda,Wilson,christina18@gmail.com
Alexander,Dunn,raymond52@cox.net
Rebecca,Anderson,lacey57@gmail.com
Martin,Cooper,jacob00@gmail.com
Shawn,Reynolds,ccarter@may.com
Seth,Ochoa,autumnhutchinson@hotmail.com
Paul,Wilson,thomasjames@rivera-johnson.org
Arthur,Watkins,ryankristen@stone.com
Jeremy,Alvarez,tsmith@cunningham-henderson.biz
Emily,Rice,anna57@gmail.com
Adam,Clark,cherylburton@hoffman.com
Alexander,Barr,jamieshepard@hotmail.com
Christopher,Saunders,mendozarodney@gmail.com
Emily,Jackson,ggarcia@stevens.com
Katie,Bailey,ocastillo@chavez.com
Randy,Walters,candacenavarro@yahoo.com
Wendy,Pollard,griffinpeter@kirby-williams.net
Frank,Burgess,rjenkins@yahoo.com
Anthony,Dalton,melaniehoward@hotmail.com
David,Francis,dmartin@hotmail.com
Kayla,Cruz,hbrown@hotmail.com
Joseph,Pacheco,huntchristopher@turner.biz
John,Sullivan,james29@hanson.com
Laura,Allen,pboone@benson-thompson.com
Keith,Cox,cory13@andrews.com
Gabriella,Ramos,smithmichael@duran.com
Samantha,Castillo,sonyayoung@yahoo.com
Lisa,Clark,lisahernandez@gmail.com
Christopher,Sampson,david18@yahoo.com
Krystal,Castro,joseph19@hodges.com
Shawna,Buck,amyparks@hotmail.com
John,Krause,robin95@hotmail.com
Deborah,Rodriguez,burnsjose@williams.com
Tiffany,Barber,toddhopkins@hodges.info
Sharon,Sanders,christine46@cruz.com
Michael,Campos,qphillips@taylor.com
Maureen,Smith,riverasarah@yahoo.com
Eric,Hicks,scott07@gmail.com
Anthony,Hernandez,ashleymartin@sanders-ray.org
Thomas,Myers,andrewsheidi@hotmail.com
Bruce,Robbins,timothypayne@yahoo.com
Joel,Simmons,mwatson@yahoo.com
James,Taylor,geoffreywarren@gonzalez.com
Jacob,Mcguire,williamskarla@gmail.com
Felicia,Wall,jesse05@yahoo.com
Tonya,Reilly,portersamuel@gmail.com
Jeremy,Taylor,katherine04@yahoo.com
Michael,Medina,michaelcastillo@gmail.com
Joan,Johnson,scottschmidt@gmail.com
Joseph,Wilson,heather87@hotmail.com
Kenneth,Lucero,robinsonmonica@yahoo.com
Brent,Weber,tracyandrade@thompson.com
William,Daniels,hilljames@hotmail.com
Abigail,Rogers,floresmichael@gutierrez.com
Susan,Fisher,lindseylauren@harper.com
Kelli,Stanley,dominicduran@hotmail.com
Kenneth,Howard,michellewhitaker@hotmail.com
Natalie,Hess,sgonzales@hayden.com
Teresa,Kennedy,abbottmary@hays-scott.net
Amy,Fields,ellisonluis@castaneda-castro.net
Katherine,Williams,harmongregory@gutierrez-crane.com
Adriana,Perez,bbrown@villarreal-martinez.info
Tammy,Miller,wadams@anderson.com
Ronald,Murray,parkerkevin@ibarra.biz
James,Gentry,tmoore@tanner.biz
Teresa,Price,ataylor@yahoo.com
Ronald,Barajas,petersmichael@jacobs-holder.com
Phillip,Shaw,reynoldspatricia@gmail.com
Craig,Davis,normansusan@gmail.com
Cindy,Winters,michele73@clayton-novak.com
Nicole,Castro,blackmichelle@yahoo.com
Brett,Rivera,jenkinssteven@ewing.org
Louis,Morris,frederickrachel@hotmail.com
Jeremy,Galloway,rodriguezerin@sloan.net
Hannah,Jones,xsanchez@hotmail.com
Anthony,Malone,tracy42@keller.biz
Andrew,Phelps,james97@hotmail.com
Angela,Hammond,lmckay@gmail.com
Cynthia,Perry,nelsonpamela@clark-cherry.info
Kayla,Christensen,bgarcia@wise-nguyen.com
Kevin,Sanders,timothy56@hotmail.com
Aaron,Willis,juanortiz@gmail.com
Robin,Odonnell,aandersen@davis.info
Michael,Garcia,kingchristine@garcia.com
Jennifer,Rivera,nathanadams@gmail.com
Amber,Bass,timothygarcia@brock.com
Deborah,Martinez,nataliezavala@oneal-friedman.biz
Laura,Bryant,phillipmills@lee.com
Joshua,Boyle,bcastaneda@gmail.com
David,Wilkinson,joseph35@farrell.biz
Michelle,Ortiz,jperez@yahoo.com
Ashley,Johnson,kelseyrivers@yahoo.com
Jasmine,White,meghanwalker@erickson.com
Kristin,Fritz,virginiasmith@hotmail.com
Breanna,Rice,justin98@yahoo.com
Jacqueline,Kerr,samuelwelch@yahoo.com
Emily,Mclean,theresasnyder@gmail.com
Jean,Wells,mark88@gmail.com
Robert,Williams,mitchelllopez@jenkins-sullivan.com
John,Dean,andrea10@gmail.com
Jennifer,Barnes,jasonbrown@mitchell-rodriguez.org
John,James,rzamora@olson.com
Jose,Smith,pmccarty@noble.info
Samantha,Reynolds,pmcconnell@hotmail.com
Kimberly,Brown,ibaker@hotmail.com
Lauren,Davis,nelsonkenneth@yahoo.com
Michael,Haley,paul99@yahoo.com
Clifford,Hines,qbaldwin@yahoo.com
Richard,Hodge,rbeasley@walton.org
Amy,Howard,bearderic@gmail.com
Charles,Stevenson,marksjose@lee.com
Kristen,Soto,dtravis@hotmail.com
Rodney,Suarez,joshua88@jones.biz
Leslie,King,lisa31@smith.com
Yolanda,Wright,bdaniels@ferrell-johnson.com
Michael,Brown,clarkrachel@hotmail.com
Nicole,White,jweber@yahoo.com
Jonathan,Barber,rholmes@bernard.com
Jessica,Kim,mmaddox@fox.info
Patricia,Larsen,brianaanderson@yahoo.com
Cynthia,Wood,michaelbennett@yahoo.com
Sarah,Harris,denisecooke@gmail.com
Justin,Montgomery,amartinez@gmail.com
Carly,Callahan,fullermelissa@wheeler-vasquez.org
Melissa,Cooper,kristinruiz@holmes.com
Keith,Ross,folsen@yahoo.com
Sara,Rice,hoffmanrobert@gmail.com
Gregory,Gallagher,psmith@hotmail.com
Christopher,Reese,grossalexandra@gmail.com
Cody,Thornton,laura66@gmail.com
Phillip,Villa,wrightheather@winters.com
Martin,Avery,zyoung@miller-rose.net
Crystal,Simmons,weberlaura@hotmail.com
Tonya,Esparza,coopertroy@james.com
Richard,Weaver,juan39@hotmail.com
Stacey,Callahan,webbjack@yahoo.com
Jennifer,Smith,gbrewer@collins-rosario.biz
Juan,Garcia,heatherwalton@chan.com
Ashley,Howe,waltersgregory@jensen.com
Kelsey,Jones,nancyrose@garcia.com
Tommy,Williamson,lori42@yahoo.com
Shawn,Delgado,kaylagarrett@gmail.com
Susan,White,suarezchristopher@greene.biz
Savannah,Ellis,shaun12@hotmail.com
James,Grant,scottsherry@rogers.com
Amanda,Gill,ajohnson@hotmail.com
Shane,Whitney,kathleen45@hart-sullivan.com
Craig,Williams,iraymond@richards.com
Tamara,Bright,tayloradrienne@hotmail.com
Laura,Pearson,ifry@hotmail.com
Dana,Cole,richardssean@fisher.net
Samantha,Thompson,esnow@mills-esparza.info
Veronica,Gonzalez,wheelerkaren@yahoo.com
Diana,Short,michaeljones@gmail.com
Christopher,Holloway,lisayang@smith-bennett.com
Shannon,Garcia,romanjeremy@yahoo.com
Laura,Cain,chandlerjustin@gmail.com
Thomas,Brown,zwarren@hotmail.com
Levi,Welch,onealmary@ingram.biz
Scott,Coleman,ischultz@yahoo.com
Lucas,Rodriguez,smiththomas@ayala-rosales.net
Monique,George,matthew83@hotmail.com
Marcus,Gilmore,brittany74@henry-powell.com
David,Rogers,ramossusan@peterson.org
Brenda,Holmes,marywhite@yahoo.com
Jeremiah,Hughes,walkerbrian@davis.info
Todd,Gregory,walterjohn@gmail.com
Gregg,Mullins,baileymarcus@yahoo.com
Catherine,Washington,david74@frederick.com
Mark,Thompson,adrienne08@alvarez-lopez.com
Kyle,Berry,kevinrodriguez@gmail.com
Melissa,Mueller,michele35@hotmail.com
David,Davis,kanderson@duncan.biz
Christine,Deleon,connerjoshua@hernandez-reynolds.org
Beth,Maldonado,williamsmaria@good.com
Alexis,Cox,bfarrell@gmail.com
Rebecca,Ruiz,kortega@taylor.org
Nicole,Walton,sellersspencer@hotmail.com
Andrew,Pitts,rferrell@yahoo.com
Ariel,Hoffman,smithbryce@hotmail.com
Mark,Davis,jon91@fisher.com
Adam,May,vhoffman@hotmail.com
Sarah,Bird,huffmanchad@hotmail.com
Stephanie,Hill,jonesbradley@yahoo.com
Jennifer,Jones,danielleanderson@yahoo.com
Timothy,Williams,kevinwilliams@lopez.biz
Scott,Howard,kylie45@gmail.com
Bryce,Riley,qmcdowell@martinez.com
Jessica,Hodge,james21@yahoo.com
Brent,King,bellfelicia@hensley-vaughan.org
Juan,Hines,matthew07@hotmail.com
Meghan,Brown,omoreno@combs-marshall.net
Jasmine,Gilbert,christopher31@gmail.com
Jennifer,Romero,daylisa@gmail.com
Katherine,Heath,amanda51@yahoo.com
Danielle,Tate,onealbenjamin@yahoo.com
Nicole,Evans,darlene49@chapman.org
Mike,Graves,adamsdavid@woodward.com
Kristin,Sandoval,brettpeterson@yahoo.com
Kevin,Case,jessica40@lyons-madden.com
Kristine,Martinez,williambennett@yahoo.com
Lindsey,Hunter,stephaniefowler@peterson-erickson.com
Matthew,Brewer,cameroncraig@hotmail.com
Yesenia,Gray,tbarry@hotmail.com
Christopher,Solomon,ashley98@edwards.com
Patrick,Vargas,john54@hebert.info
Katherine,Cordova,robinwilliams@vazquez-mckinney.com
Cynthia,Clark,prestondanielle@hotmail.com
Keith,Vazquez,susan62@wilson-sanchez.com
John,Schultz,wilsonanthony@gmail.com
Troy,Roman,enoble@hotmail.com
Rachel,Barajas,uhart@yahoo.com
Carrie,Conrad,kirkrobert@yahoo.com
Richard,Patterson,jessehill@hotmail.com
Shawn,Johnson,smithaaron@yahoo.com
Caroline,Bentley,kellyjeff@hill.com
Michael,Chan,trodriguez@yahoo.com
Janet,Moore,nmiller@hotmail.com
Charles,Estrada,christinathompson@torres-hill.com
Mark,Moody,rcarroll@hotmail.com
Larry,Padilla,annevasquez@palmer.com
Brianna,Evans,gregorydavis@hotmail.com
Jennifer,Pittman,hahnlaura@thomas.com
William,Watson,xduran@hotmail.com
Stephen,Ferguson,fjohnson@yahoo.com
Karen,Ewing,jterry@carpenter.com
Angela,Kirby,amartinez@yahoo.com
Robert,Hill,ganderson@perry-hayes.org
Charles,Barnes,jbecker@dean-mosley.com
Alan,Gallegos,reyescrystal@hotmail.com
Ann,Bates,whernandez@hotmail.com
Thomas,Hawkins,kelly48@yahoo.com
James,Garcia,krausedennis@myers.com
Tammy,Baker,zrivas@yahoo.com
Morgan,Sanchez,james04@yahoo.com
Lisa,Davis,mikaylabell@yahoo.com
Rebecca,Wilcox,sgonzalez@cox-gonzalez.info
Kathryn,Carlson,susanfuller@hotmail.com
Paul,Robertson,dbradley@jones.com
Rodney,Johnson,hillricky@winters.net
Andrea,Rogers,greencarla@yahoo.com
Taylor,Castillo,lisahernandez@beard-schmitt.com
William,Melton,waltonchristopher@gmail.com
Matthew,Wilson,danielmejia@gmail.com
Kenneth,Cochran,jacksonmills@gmail.com
Jacqueline,Shelton,stanleybeasley@wallace.com
Timothy,Williams,aaron21@gmail.com
Nicholas,Thomas,andresrivera@gmail.com
Richard,Aguirre,jacobchen@gmail.com
John,Love,richardpayne@hotmail.com
Joseph,Mitchell,diazstephanie@hotmail.com
Brandi,Barber,wilsonjessica@cross-miles.com
Amy,Campbell,ritterjamie@yahoo.com
Steven,Luna,jasminebullock@hotmail.com
Cynthia,Shields,joanna30@yahoo.com
Matthew,Palmer,waltersderrick@hotmail.com
Diane,Payne,jessica07@yahoo.com
Sherry,Webster,pamelavillegas@brooks.com
Brenda,Kennedy,megan54@gmail.com
Marilyn,Sanchez,michaeledwards@kennedy-haney.com
Lori,Armstrong,samuelharris@hotmail.com
Michael,Thomas,ujohnson@davis.net
Samantha,Hansen,angelahoffman@gmail.com
Edwin,Velez,danielcarter@diaz.com
James,Perkins,phayes@hotmail.com
Max,Cook,bryan35@cox.info
Michael,Gardner,jchan@gmail.com
Krista,Gonzalez,gonzalezsusan@hotmail.com
Madison,Dodson,pmckenzie@hotmail.com
Wendy,Glass,robertnewman@mcknight.com
Alexandra,Johnson,smithjonathan@hotmail.com
Cindy,Griffin,josephamanda@jones.com
Robert,Harris,cassandra06@brown.com
Eduardo,Roberson,roberthall@hotmail.com
Lisa,Ramirez,susanwang@hotmail.com
Daniel,Fry,ghartman@grimes-herrera.net
Kimberly,Richards,sharvey@gmail.com
Danny,Carr,wrios@moore.com
Patrick,Mathews,ethompson@mann.com
Donna,Hoffman,vmcconnell@yahoo.com
Lisa,Dillon,carolynthomas@gmail.com
Savannah,Freeman,milesdavid@macdonald-ellis.org
Debra,Bell,amberlopez@gmail.com
Pamela,Chang,greenkatherine@moore.info
Justin,Benitez,alexandershaw@mann-warren.com
Phillip,Martin,williamstheresa@hotmail.com
Glenn,Bell,lgarcia@hotmail.com
Alexis,Wilkinson,jennifer22@gmail.com
Crystal,Mitchell,fwood@anderson.info
Brian,Baird,yellis@butler.com
Ashley,Smith,daniel16@young-mendez.com
Holly,Moore,zsimpson@williams-francis.com
Ian,Washington,jamesanderson@hotmail.com
Tabitha,Walsh,katrinadeleon@gmail.com
Crystal,Garza,cindy81@clark-rice.com
Marilyn,Williams,cathy10@gmail.com
Penny,Blanchard,sabrinabond@yahoo.com
Andrew,Marshall,ariaskristin@wilson.org
Todd,Clarke,carlosnielsen@atkinson.com
Sarah,Pitts,joelglenn@watts-russell.biz
Aaron,Griffin,bryansteele@rodriguez.net
Carrie,Williams,xlutz@jacobson-porter.com
Joanna,Gay,voconnell@yahoo.com
John,Carpenter,vhayes@gomez.net
Nicholas,Barton,andersonbrittney@gmail.com
Jackie,Lawrence,thompsondavid@hotmail.com
Mary,Byrd,hansonandrea@griffin.com
Brooke,Mcdonald,melissaolsen@hotmail.com
Shannon,Vasquez,nicolesawyer@gmail.com
Trevor,Lamb,oliviaeaton@ingram.info
Dorothy,Anderson,jessicamartinez@logan.com
Michael,Lopez,reevesrobert@gutierrez.com
Colleen,Williams,reyesteresa@hotmail.com
Carol,Wells,gellis@gmail.com
Meredith,Allen,hopkinsallen@yahoo.com
Melissa,Freeman,anthony31@hotmail.com
Troy,Clark,carterlarry@sullivan.com
Aaron,Sawyer,nwyatt@hinton.org
Carolyn,Madden,robert31@yahoo.com
Paige,Clark,amandagentry@hotmail.com
Richard,Lewis,julian98@randall.com
Michelle,Montoya,parkcorey@hotmail.com
Jesse,Thomas,zbrown@park.org
Kristin,Dominguez,odeleon@stone-harris.info
Carlos,Williams,adamsamber@barr.com
Douglas,Gardner,sheilakeller@hotmail.com
Antonio,Lopez,nichole56@hotmail.com
Jacob,Vargas,martinezelizabeth@gmail.com
Rachel,Nelson,rhondawright@lynch-hunt.com
Stephen,Hayes,donna43@hotmail.com
Jason,Pennington,frogers@dixon-kennedy.com
Denise,Spencer,briansaunders@yahoo.com
Troy,Morris,nsullivan@robinson.net
Brandon,Hall,kstewart@morris-dean.com
Shawn,Nunez,carl35@wagner.com
Charles,Wilkerson,drodriguez@yahoo.com
John,Brandt,mark11@ross-johnson.biz
Patrick,Christian,angela17@yahoo.com
David,Lester,kristinamartin@odonnell-adams.org
Peggy,Buckley,deanna68@yahoo.com
Lance,Harrison,lsantos@martinez.com
Matthew,Wilson,watkinscynthia@yahoo.com
Andrew,Mitchell,rossjimmy@anderson.com
Alicia,Gardner,davidhayes@hotmail.com
Sean,Johnson,bobby43@kelly-smith.com
Angela,Maynard,sheilaweaver@kelly.com
George,Myers,ibeard@jacobson-dominguez.biz
Eric,Cantu,michael45@yahoo.com
Tony,Vasquez,stevenkramer@andrews.info
Jodi,Blackwell,mcruz@kirby-white.biz
Daniel,Thomas,teresa47@hotmail.com
Jennifer,Miller,fscott@gmail.com
Nancy,Cowan,dchan@hotmail.com
James,Hood,james70@roman-nelson.com
Ronald,Thomas,andersonthomas@yahoo.com
Jennifer,Bonilla,elizabethjohnson@hotmail.com
John,Yu,jessicacosta@yahoo.com
Pamela,Ortiz,georgecampbell@short.net
Jeff,Scott,gomezstephanie@turner.com
James,Murphy,kylejones@morris.info
Tamara,Soto,stoneamanda@brown.com
Jonathan,Martin,kgonzales@hotmail.com
Susan,Butler,christopherfox@mason-jones.org
Ashley,Charles,christinenelson@myers.com
Jennifer,Palmer,sraymond@hotmail.com
Neil,Harvey,spencerjoseph@yahoo.com
Nicholas,Weaver,salinasrobert@palmer.com
Katherine,Thomas,nortonjennifer@yahoo.com
Susan,Jones,iweaver@yahoo.com
Mark,Bell,michellemoore@clarke.com
Ryan,Lopez,johngarner@williams.net
Gabrielle,Davis,qberry@flynn.com
Dale,Young,susan74@gmail.com
Colin,Wilson,thomas16@roberts.com
Matthew,Wood,allisonparks@colon.com
Charles,Torres,sandovalcynthia@fox.biz
Crystal,Harris,bpierce@alexander-caldwell.com
Thomas,Branch,ramireztara@braun-williams.net
Isaiah,Anderson,kelleyelizabeth@gmail.com
Kenneth,Mendoza,vvargas@hotmail.com
Mark,Lamb,david38@maldonado.com
Lauren,Orr,sburns@gonzalez.com
Erica,Deleon,kevinwilliams@brown.com
Cynthia,Rogers,williamsbrenda@gmail.com
Carl,Morgan,melissavillanueva@zavala-wood.com
Anne,Reyes,travis23@barton-hensley.com
Jenna,Stewart,yspears@gmail.com
Miguel,Quinn,rblack@hotmail.com
Jeffrey,Franco,marcusyoung@oconnell.com
Lisa,Hicks,garnold@gmail.com
Brenda,Jones,alanmyers@yahoo.com
Frank,Christensen,susanrivera@gmail.com
Kristi,Miller,amy39@harvey.com
Gerald,Scott,tthompson@yang-evans.com
Crystal,Singh,garciajustin@guzman.org
Joseph,Sullivan,dharris@short-scott.com
Jessica,Richardson,rhondamorris@gmail.com
Tammy,Klein,schwartzheather@hotmail.com
Rebekah,Serrano,bhuerta@beltran.com
Lawrence,Barrett,dannymorales@gmail.com
Daniel,Carr,william85@yahoo.com
Julian,Phillips,kevinscott@yahoo.com
Maria,Dunn,jefferyfreeman@gmail.com
Stacy,Wang,fanderson@hotmail.com
Heather,Rubio,scott04@collins.info
Tim,Clark,scottamy@perry-vasquez.biz
Robert,Roberts,pgrimes@hotmail.com
Robert,Gonzalez,jessica82@gmail.com
Patricia,Kelly,andradeleon@martinez.com
Christopher,Hernandez,cruzdanielle@jacobs-ramirez.com
Linda,Craig,james70@yahoo.com
Michael,Chung,ralphmcdowell@yahoo.com
Kayla,Gordon,jennifer85@hotmail.com
Bobby,Gonzales,wendywatts@hotmail.com
Tyler,Barry,ukline@yahoo.com
Kristopher,Curtis,goldentimothy@yahoo.com
Jeremy,Pierce,pittmanmelvin@yahoo.com
Elizabeth,Patterson,ambersteele@johnson.com
Gloria,Miller,cesarcox@yahoo.com
Heather,Berger,emily87@yahoo.com
Jose,Hansen,taylordaniel@gmail.com
Donald,Jimenez,courtney97@brooks.com
Michael,Hale,clarson@stewart-moore.com
Jennifer,Turner,huntermaldonado@hopkins.com
Gabriel,Donovan,scottwashington@oneal.info
Kevin,Rhodes,etaylor@yahoo.com
William,Mays,vsutton@yahoo.com
Nicholas,Mcfarland,grantdavid@smith.net
Michelle,Holt,amanda74@clark.com
Michael,Powers,rmitchell@cook.org
Stephanie,Rivera,carlosrobertson@hotmail.com
Lance,Maynard,nbrown@hotmail.com
Justin,Morton,brewergerald@jones.com
Donna,Johnson,tarafoster@rivers.com
Jose,Reed,douglas85@yahoo.com
David,Rice,imccoy@lawson.info
John,Thompson,fchambers@yahoo.com
Kevin,Price,michael29@cobb.biz
Sarah,Miller,jessica33@yahoo.com
Rebecca,Watson,zrodriguez@hayes.biz
Jennifer,Jordan,sarah96@gmail.com
Sherry,Dunn,patriciasmith@gmail.com
Keith,Garcia,nathanjohnson@brooks-johnson.com
Rodney,Simon,josephbeard@townsend-mccoy.com
Richard,Mccall,nguyenthomas@howell.info
Robert,Graham,smithalbert@newman-soto.biz
Ronald,Ray,roylloyd@hotmail.com
Rose,Best,valenciastacy@hotmail.com
Mary,Henderson,aphillips@yahoo.com
Briana,Parker,manningjennifer@smith-jackson.com
Matthew,Ramirez,jenkinssarah@gmail.com
Diana,Miles,maryking@powell-anderson.com
Kristen,Cervantes,daniel51@hotmail.com
Kelly,Miller,lrichardson@hotmail.com
Marie,Mendoza,sarahbeck@hotmail.com
Richard,James,jeremyrichardson@hines.com
Tiffany,Gonzalez,john56@yahoo.com
Michelle,Klein,jenniferhoward@garner.com
Kristina,Turner,wilsonlori@yahoo.com
Michael,Mitchell,toddryan@hotmail.com
Shawna,Hernandez,jessica26@hotmail.com
Derrick,Thornton,millerbrittany@wong.com
Virginia,Graves,brian11@gmail.com
Heather,Johnson,dianegould@george.com
Michelle,Heath,josephwilliams@yahoo.com
Tammy,Richmond,mcarney@yahoo.com
Donald,Carpenter,heathersolis@lozano-smith.com
Kimberly,Berger,mary96@yahoo.com
Sophia,Hall,thomasbarker@watson.info
Nicholas,Allen,christina33@hotmail.com
Julie,James,jenkinsdawn@miller.com
Marc,Gonzalez,kcolon@garcia.com
Monica,Caldwell,qgarcia@orozco.com
Mark,Porter,vperez@yahoo.com
Ashley,Carson,smiller@gmail.com
Haley,Hancock,craig22@gmail.com
Emily,Johnson,alyssatate@alvarez.com
Michelle,Richardson,darren64@silva-smith.com
Jeffrey,Ross,anthonyfarley@carpenter.com
Anna,Peterson,amyguerrero@yahoo.com
Chad,Phillips,henry58@rose.com
Troy,Hall,lloydsheila@burke.com
Brandon,Phillips,fdavis@yahoo.com
Colleen,Keith,erincarrillo@smith-neal.info
Emma,Rhodes,kari27@herrera-leach.com
Molly,Hunter,wmorris@norris.biz
Stephanie,Smith,rebeccahernandez@knight.net
Sarah,Lambert,phillipsamy@salinas.org
Edward,Brown,tonya37@gmail.com
Erin,Logan,kimwelch@lawson.org
Ralph,Reynolds,pamelabaxter@gmail.com
Jasmine,Meyers,scottdeanna@hotmail.com
Kristina,Rodriguez,connerdeborah@hotmail.com
Mark,Boyle,jeremiah21@dickerson.com
Fernando,Neal,kellyedwards@evans-powell.com
Joseph,Hanson,rose30@perry-conley.com
Joshua,King,olivia74@gmail.com
Matthew,Day,hunterkent@hotmail.com
Teresa,Spencer,james90@yahoo.com
Renee,White,hcollins@kaufman.com
Cindy,Love,amandacurry@bryan-stevens.com
Karen,Smith,randy30@floyd.com
Janet,Jackson,kaylabarrett@estrada.com
Jeffrey,Chambers,johnsonfrancis@mitchell.biz
Jonathan,Gomez,richardsonamber@yahoo.com
Hannah,Wilcox,katherinestone@hotmail.com
Margaret,Sanders,iharrison@jacobs-castillo.com
David,Roman,sharonmcintosh@yahoo.com
Mark,Foster,joseph21@barnes.biz
Vanessa,Bryant,andreacook@white.com
Jeffrey,Martin,butlerelizabeth@gmail.com
Nicole,Fisher,sherrijohnson@murray.net
Jennifer,Parker,garypreston@atkinson.net
Brittany,Martinez,jillcurry@henderson-evans.com
Paul,Powers,zreyes@hotmail.com
Paul,Thompson,iarias@green-pearson.com
Stephen,Hammond,dakota76@hotmail.com
Jeffrey,Graves,edwin11@woods.net
Kyle,Hayes,ntaylor@wilson.com
Abigail,Olson,zhorton@hernandez.org
Tom,Daugherty,laurencoleman@yahoo.com
Randy,Thomas,christopher59@hotmail.com
Misty,Castillo,xsmith@lowe.biz
Ashley,Clark,james12@rodriguez.com
Daniel,Ferguson,nicole19@mooney.biz
David,Smith,matthewevans@gmail.com
Mark,Montoya,hickmanjames@morton-campbell.biz
Jacob,Doyle,rgarcia@hotmail.com
Linda,Jackson,littleregina@davis.org
Ashley,Gardner,paul95@gmail.com
Jeffrey,Perkins,sandra05@gmail.com
Thomas,Price,paulawest@sharp.net
Taylor,Waters,carl98@gmail.com
Jacob,Wolf,thomassmith@hotmail.com
Karen,Acevedo,colemansheena@hotmail.com
Megan,Contreras,josephnguyen@simmons.com
Melanie,Harris,josephconley@cherry.com
Christina,Phillips,monroelindsay@gmail.com
James,Smith,brittanykhan@sanders.com
Jonathan,Jones,garciafrank@hotmail.com
Matthew,Craig,amber88@perez.com
Michael,Martinez,david62@williams.com
Nicholas,Mcguire,dbarry@morris.com
Gregory,Meyer,lpeterson@hotmail.com
Eric,Pierce,millersamuel@gmail.com
Darryl,Gill,sarafowler@williams-moss.info
Cody,Brown,contreraswilliam@hotmail.com
Chelsea,Richardson,joshuahuff@gmail.com
Sarah,Rosales,antonioraymond@richardson.com
Kevin,Nelson,davismichael@rogers.com
Kim,Wheeler,campbellhunter@horn.com
Ronald,Jones,fosteralexandra@hotmail.com
Wendy,Todd,russell64@english.info
Alice,Cooper,williamthompson@yahoo.com
Taylor,Moore,jeffrey28@parsons-shaw.com
Cynthia,Acosta,summersrobert@moore.biz
Shelby,Smith,kcross@gmail.com
Wayne,Kelly,jonathan96@kennedy-lambert.com
James,Alexander,clintonross@collins.com
Kathleen,Marquez,barkerchristopher@preston.com
Briana,Wilkins,yjones@yahoo.com
Beverly,Thompson,kathleen37@sanchez.com
Teresa,Smith,ortizchristopher@hotmail.com
Louis,Riddle,iperez@gmail.com
James,Williams,rosalesgregory@hanson-church.com
Robert,Small,qjohnson@kelley.org
Stephanie,Martinez,mholloway@yahoo.com
Timothy,Ortega,briana79@hotmail.com
Danielle,Johnson,carolyn06@byrd.biz
Darrell,Williams,phillipwood@vasquez.com
John,Barnett,kbush@strong.com
Scott,Rodriguez,johngibson@gmail.com
Richard,Torres,kennethwebster@jackson.com
David,Martin,gcarter@gmail.com
Jamie,Vasquez,mark37@shepard.org
Karina,Mccullough,jvazquez@turner-lowery.org
Brian,White,ksimpson@hotmail.com
Dawn,Jackson,fgonzales@taylor.org
Kenneth,Bradshaw,istone@cooper.net
Teresa,Hogan,oreid@gmail.com
Evelyn,Long,christopherbrown@yahoo.com
Chad,Norton,courtneysanders@crosby-herrera.net
Jamie,Saunders,kroman@palmer.info
Jennifer,Bruce,vwyatt@hotmail.com
Jennifer,Yoder,kimberly57@yahoo.com
Melissa,Reyes,mmiller@gmail.com
Krista,Lawrence,zamorajohn@austin.com
Michael,Riggs,michael63@herrera.info
Miranda,Rodriguez,matthewphillips@hotmail.com
Jonathan,Bailey,esoto@yahoo.com
Michael,Ortiz,msutton@gmail.com
Cynthia,Wright,charles41@yahoo.com
Anthony,Young,jeremymyers@robles-mitchell.com
William,Ortiz,anagonzales@yahoo.com
Zachary,Schneider,smithmichelle@webster.org
Brandon,Turner,heather95@gmail.com
Audrey,Moore,alexdavis@yahoo.com
Nicholas,Harvey,fthomas@smith.net
Brittany,Ortiz,fharris@nunez.net
Courtney,Ross,lewismegan@yahoo.com
Amy,Booth,sarameyer@simmons.biz
Melissa,French,muellerleah@robertson.com
Alex,Jones,jennifer84@torres.com
Daniel,Freeman,charles13@george.com
James,Anderson,andrewtucker@french.com
Katie,White,jamiecampbell@johnson.info
Robert,Rosales,michaelgonzales@gmail.com
Becky,Wright,istanley@yahoo.com
Michael,Smith,kelsey46@rose.com
Arthur,Bernard,bakerjessica@clark.net
Joshua,Kline,perkinsbobby@yahoo.com
Sean,Fernandez,rebecca73@hotmail.com
Deborah,Ross,froberts@conrad.com
Timothy,Wright,xjones@gmail.com
Shannon,Dominguez,rubenrobinson@yahoo.com
Alicia,Stewart,utran@adams-chapman.org
Lisa,Byrd,manuelclark@yahoo.com
Jessica,Christensen,santiagojared@potts-richardson.info
Elizabeth,Jones,laurenkennedy@johnson-smith.biz
Nicole,Barrett,evansdavid@adams.org
Alexander,Hoover,alyssa21@baldwin.com
Tamara,Nichols,cartertricia@hotmail.com
Kelsey,Palmer,nathan53@gmail.com
Barbara,Sellers,meyerskristin@hotmail.com
Cynthia,Page,sosalaura@williams.com
William,Skinner,colliernicole@hotmail.com
Caroline,Shaw,robertsmith@gmail.com
Debra,Shelton,chambersfelicia@fischer.com
Amy,Wang,pthomas@brewer-young.biz
Jennifer,Deleon,melanierogers@yahoo.com
Adrian,Miller,pamela47@ford-andrews.com
Daniel,Harris,vjensen@mitchell.info
Melissa,Henson,wallacelinda@quinn.net
Elizabeth,Miles,simschristopher@hotmail.com
Sharon,Richardson,allenpatterson@yahoo.com
Mary,Taylor,watkinschristina@yahoo.com
Jonathan,Lowe,edwardsrichard@gmail.com
Michael,Valdez,smithnicole@gillespie.info
Gary,Hardy,raymond79@hotmail.com
Alejandro,Hughes,hardymegan@gmail.com
Robert,Torres,jennifer98@gmail.com
Lawrence,Wilkinson,francisco01@yahoo.com
Eric,Johnson,freemansandra@hotmail.com
Natalie,Park,sextonronald@hotmail.com
Tammy,Davis,russellmeadows@yahoo.com
Elizabeth,Castro,yflores@stevenson-scott.info
Diane,Harding,danieljoseph@diaz.com
Shannon,Tanner,dawsonkathryn@yahoo.com
Karen,Simmons,leah07@davis-yoder.com
Felicia,Fernandez,robertsdaniel@parker-simpson.com
Chad,Martin,rosariodavid@bass-henry.info
Alvin,Mcdonald,linda21@gmail.com
Mary,Johnson,jane18@pace.biz
Danielle,Greene,jenniferhutchinson@barber.com
Wendy,Bowman,tuckershawn@dickson.com
Brooke,Mcdonald,brianhenry@hotmail.com
Jeffrey,Sims,wesleylee@sanchez.biz
Austin,Henderson,william14@young.com
Billy,Beck,bennettjoseph@yahoo.com
Jeffrey,Collins,sara90@yahoo.com
Yvonne,Blevins,ashleynorris@young.biz
Michael,Reed,andreareilly@jones.biz
Matthew,Anderson,joshuareed@morse.com
Jaclyn,Houston,bryan44@yahoo.com
Carol,Lane,david06@gmail.com
Morgan,Johnson,phillipscheryl@gmail.com
Alexandria,Martin,martinezmichelle@alexander.com
April,Humphrey,barry58@carrillo-ochoa.com
Donald,Dunn,ronald45@yahoo.com
Steven,Hughes,hwright@yahoo.com
Matthew,Gardner,pettyjames@yahoo.com
Karen,Beck,olewis@gmail.com
Sara,Johnson,clinton65@dennis.biz
Amanda,Herring,toddfernandez@hotmail.com
Larry,Pineda,caitlin06@wise-miller.com
Amy,Chang,williamlucas@gmail.com
Robert,Johnson,hlee@yahoo.com
Bethany,Dillon,vramirez@gmail.com
Cathy,Fletcher,amandarogers@hubbard.com
Joel,Perez,tlandry@hernandez-morse.net
Jeremy,Choi,bensonrebecca@alexander.com
Shannon,Mckee,deborah42@tran.com
Julie,Martinez,robert96@gmail.com
Henry,Green,kwilliams@edwards-smith.info
Peter,Jacobson,matthewthomas@tapia-marshall.com
John,Ferguson,paulchambers@yahoo.com
Samuel,Hunt,rowetammy@yahoo.com
Phillip,Garcia,plarson@hotmail.com
John,Gilbert,gstephens@walker.info
Katrina,Bowers,abigail67@hotmail.com
Ariana,Jones,xnewman@hampton-jones.com
Tyler,Kidd,davidbrock@finley-dawson.org
Jennifer,Malone,manningthomas@french-rowe.com
Mckenzie,Waller,christinawashington@smith.com
Jason,Hernandez,andersonmeagan@hotmail.com
Amanda,Torres,thurley@hotmail.com
Dana,Rodriguez,mark06@matthews-valencia.com
Deborah,Evans,emily70@cowan.org
Michael,Shaffer,tgreen@yahoo.com
Sergio,Boyd,kimberlyschmidt@gmail.com
Gary,Ballard,fordcassandra@bennett.org
Tiffany,Foster,angela79@peterson-harrington.com
Trevor,Scott,davidhughes@green-jacobson.com
Katie,Colon,heidi67@gmail.com
Lucas,Logan,amandakramer@yahoo.com
Joshua,Sullivan,michellejames@jensen-brown.com
Robert,Wagner,thomas59@yahoo.com
Alexis,Williams,esmith@ayala-murray.com
Eugene,Melendez,schmidtmichael@martin-velazquez.com
Lauren,Clark,mikebrennan@gmail.com
Belinda,Miller,janice98@foster.net
Timothy,Byrd,wmartin@hotmail.com
Mary,Franklin,lgomez@gmail.com
Katherine,Green,kimberly05@todd.net
Bob,Jackson,eddie64@anderson-king.com
Sharon,Reid,dustin62@koch-hall.org
Glen,Lopez,bassjason@murphy.com
Ryan,Roth,xjones@gmail.com
Michael,Miller,ttaylor@lewis.com
Kayla,Kirk,michael04@gmail.com
Jessica,Flores,jacqueline15@brown.com
Nicole,Gardner,justinroberts@hotmail.com
Tonya,Mcdonald,nfisher@hotmail.com
Timothy,Ramos,clayton08@martin.com
Dawn,Powell,millercrystal@yahoo.com
Juan,Ortega,lori26@gmail.com
Kyle,Mullins,michelle82@yahoo.com
Timothy,Taylor,amyhubbard@yahoo.com
Alyssa,Lee,john00@daniel.com
Raven,White,jessica46@hotmail.com
Michael,Moore,hflowers@gmail.com
Kyle,Duran,gonzalezroberto@reed-daniels.com
Tamara,Hall,morganwyatt@yahoo.com
Andrew,Lopez,yangtimothy@gmail.com
Sierra,Owens,matthewwilson@gmail.com
Marissa,Franklin,moodymary@cooper.org
Terri,Thompson,hpierce@hotmail.com
Joel,Gomez,elizabeth56@hotmail.com
Andre,Miller,sarahfuller@yahoo.com
Amanda,Williams,jacqueline30@poole.biz
Dale,Brown,douglasdavis@hopkins-smith.biz
Christopher,Olson,davidbeck@brown-cannon.com
Jamie,Cole,pearsondavid@mccormick.com
Richard,Small,laura05@taylor.org
Sarah,Davis,louis41@armstrong-mckinney.net
Rebekah,Kemp,lisa18@fields.com
Michael,Mitchell,hendersonmichael@thompson.com
Peggy,Fleming,ashleyarnold@hotmail.com
Brian,King,igray@hotmail.com
Nicholas,Espinoza,millerronald@smith.com
Stephanie,Daniel,jsmith@yahoo.com
Michael,Stevens,xlong@gmail.com
Jeffrey,Patel,ubender@lee-hernandez.com
Timothy,Kelly,htucker@hotmail.com
Jamie,Cox,patrickjohnson@hotmail.com
Corey,Thompson,uthomas@ward-cisneros.com
David,Barnes,qbailey@hotmail.com
Jennifer,Knapp,amyhill@wright-cooper.com
Leslie,West,psanchez@fox.org
Randall,Romero,markchandler@gmail.com
Robert,Mann,patricia26@watson.org
Gregory,Alvarez,bobbyterrell@gmail.com
Steven,Scott,berryjason@hall.com
Shawn,Perez,natalielambert@rogers.info
Amanda,Montes,shellybradley@watts.com
David,Montgomery,umacdonald@wagner-smith.com
Tony,Clarke,cohenedward@gmail.com
Daniel,Mcdaniel,karen46@summers.org
John,Williams,zbenton@yahoo.com
Vanessa,Long,david94@terry.org
Claudia,Chambers,patriciapeterson@duran.com
Kristen,Hill,foleystacey@yahoo.com
Roberto,Lewis,figueroachristina@yahoo.com
Tammy,Lewis,raymondmueller@mejia.info
Lindsey,Thomas,qrivera@mcgee.com
Angela,Pennington,jennifer99@gmail.com
Joseph,Anderson,nathan97@yahoo.com
Megan,Johnson,kevin42@gmail.com
Matthew,Myers,kathryn49@hotmail.com
Joseph,Gordon,meganbrown@yahoo.com
Richard,Macdonald,mcmillanrichard@quinn.com
Jacqueline,Burch,cynthialowe@mitchell.com
Michael,Golden,johnwhite@ward.biz
Sherry,Parker,hperez@gmail.com
Christopher,Fisher,valentinerichard@gmail.com
Joseph,Meyer,aaronmiller@oneill.net
Stephen,Gamble,ostephens@yahoo.com
Gloria,Weaver,george83@castillo.com
Krystal,Smith,russellmatthew@garza.info
Jack,Pratt,wramos@brown.com
Brenda,Stone,tammy07@smith.com
David,Paul,leahturner@prince-rosales.com
Maria,Gibson,paynepaul@yahoo.com
Stephanie,Fox,garyjones@richardson-montgomery.com
Clinton,Henderson,rowlandlindsey@hotmail.com
Tammy,Mckee,michelle30@gonzalez.com
Ryan,Zamora,xcosta@carpenter-jackson.net
Adam,Carter,uoconnor@johnson-jenkins.com
Edwin,Humphrey,shannon85@smith.com
Leslie,Dyer,lee54@johnston.com
Kevin,Mitchell,scott04@kaiser-rodriguez.com
Alexandra,Jacobs,watsonelizabeth@hotmail.com
Samantha,Mclean,mindy15@payne-lester.com
Thomas,Lynch,johnsonbrian@shaffer-leach.net
Joseph,Cunningham,kylejackson@yahoo.com
Nichole,Hughes,bryanchristopher@fields-garcia.com
Lisa,Phillips,jacksonmackenzie@yahoo.com
Krystal,Robertson,rogermorris@flores-cummings.com
James,Delgado,cowanangela@montes.info
Austin,Wilson,kimberly90@hotmail.com
Joshua,Thomas,robertduffy@pace-bryant.com
Linda,Jones,perezrobert@hotmail.com
Katherine,Lopez,eugenewilliams@gmail.com
Joseph,Valdez,blacksamantha@hotmail.com
Maurice,Bray,joshua07@gmail.com
Jocelyn,Stafford,robertskarina@gmail.com
Jennifer,Scott,shawnstewart@anderson.net
Michael,Weber,carpenterhannah@moore-yates.org
Alex,Pace,fmartin@arellano-dean.com
Kimberly,Taylor,stevenmann@gmail.com
Jennifer,Adams,lisarobertson@yahoo.com
Michael,Weaver,carpenterjamie@campbell-bishop.com
Emily,Madden,edwardsrebecca@gmail.com
Shannon,Hamilton,samanthacase@ruiz.biz
Bruce,Mcbride,davidlewis@gmail.com
Erin,Smith,pooleteresa@yahoo.com
James,Coleman,murraylauren@bishop-williams.net
Vicki,Anderson,reevesamanda@yahoo.com
Sonya,Marshall,lreeves@gmail.com
David,Taylor,lewisrichard@gmail.com
Elizabeth,Hines,dschroeder@hotmail.com
Nathan,Mcintyre,andrewperez@wood-jordan.com
Jasmine,Thompson,nguyentroy@ryan.net
Brittany,Johnson,hollandalexander@jenkins.com
Ryan,Good,morristina@king-scott.com
Guy,Mcbride,rhobbs@yahoo.com
Andrea,Warren,monica15@lawson-johnson.com
Karen,Stevens,rosejoseph@yahoo.com
Calvin,Owens,rgomez@valdez.biz
Debbie,Fry,zsmith@yahoo.com
Adrienne,Hernandez,morganjoanna@price-miller.biz
Eric,Wolf,natalie46@warren.info
Samantha,Peterson,brandon96@gordon.biz
Laura,Middleton,virginiaferrell@hotmail.com
Cory,Houston,melindadavis@hotmail.com
Kimberly,Miller,jerryshelton@yahoo.com
Kelly,Hamilton,tammy18@johnson.com
Louis,Rogers,shawnkim@jones-moore.com
James,Stevens,ohernandez@yahoo.com
James,Vincent,christopherthomas@villa.com
Cody,Moyer,riveranathaniel@anderson.com
Mike,Wallace,mark14@bailey.com
Richard,Bell,howardjacob@gmail.com
Caitlyn,Mckinney,cameronedwards@gmail.com
Ashley,Wright,tamara31@yahoo.com
Joseph,Ramsey,castrokatherine@gmail.com
Lori,Le,avilaanne@gmail.com
Christopher,Powell,jesserussell@watson.info
Sarah,Smith,garzalori@shaffer-cohen.biz
Mark,Jackson,ashley27@scott.com
Katie,Johnson,lsharp@gmail.com
Kayla,Duran,matthewchurch@hotmail.com
Timothy,King,tkoch@jones.com
Jonathan,Duncan,zjackson@walker-dominguez.com
Ralph,White,wweber@stone-kelly.net
Raymond,Williams,tyler90@west.com
Joseph,Contreras,penamarie@ferguson.com
Gail,Harper,goodwinjohn@holland-morris.com
Melissa,Marshall,wellsrobert@yahoo.com
Deborah,Olsen,pbowman@hotmail.com
Jennifer,Jimenez,jasonmiller@wilson-obrien.com
Joan,Saunders,robert65@white.com
Christopher,Davis,gwyatt@gmail.com
Shannon,Stanley,wwarren@gmail.com
Bryan,Hughes,driley@gmail.com
Devin,Silva,cowens@white-cervantes.net
Jennifer,Cook,christine32@patterson-williams.com
Yvonne,Melton,cmaxwell@white.info
Ruth,Wagner,christopher92@hotmail.com
Cassandra,Blake,zbeltran@gmail.com
Scott,Oneill,patricia80@hinton.com
Christopher,Allen,camposjoshua@coleman-cooper.com
Paula,Tate,frodriguez@martinez.com
Cory,Watson,susan27@gmail.com
Gary,Levy,theresataylor@graves.com
Dennis,Parks,lauren91@smith.info
Sara,Fernandez,matthew78@hotmail.com
Steven,Wilson,shaynes@george-reed.com
Sarah,Richard,joel96@hotmail.com
Cory,Montgomery,srivas@yahoo.com
Cristian,Gonzales,aaron53@suarez.info
Michael,Blackwell,lucashall@gmail.com
Connie,Hess,cannondonna@gmail.com
Kevin,Johnson,lewisjessica@hotmail.com
Edwin,Foley,camerontucker@ellis.com
Sherri,Boyd,melaniebryant@yahoo.com
Stephen,Calderon,adamswanda@hotmail.com
Ashley,Austin,gramirez@cherry-king.com
Danielle,Johnson,stephanie88@ibarra-sullivan.org
Alejandro,Jacobs,vstephenson@gmail.com
Mark,Wright,rebecca29@yahoo.com
Louis,Wright,baxterduane@yoder.com
James,Ward,kevin60@gmail.com
Tanner,Morris,wadematthew@hall.org
James,Jones,jenniferlewis@yahoo.com
