name,established_year,address
"Larson, Young and Anderson",1938,"837 Johnson Springs
North Kevinfort, IA 78455"
Rodriguez-Bryant,1935,"0813 Baldwin Rest
New Timothy, DC 07403"
Hicks PLC,1926,"558 Leonard Circles
Chaseview, MI 44382"
Simmons LLC,1981,"1192 Edwards Underpass
Dianeview, MO 69828"
Campbell and Sons,1878,"816 Cindy Stravenue
Vincentborough, NH 96524"
"Downs, Richardson and Rodgers",1846,"070 Connie Turnpike Suite 075
Huertashire, FL 39586"
Little-Castro,1935,"2158 Heather Hollow
Jamestown, VT 38625"
"Williams, Nichols and Barton",1907,"2785 Lopez Camp
Taraville, AK 59711"
Lowe-Baker,1854,"311 Martin Villages Suite 048
Jonesfurt, GA 38125"
Mcintyre Group,1884,"9296 Gonzales Inlet Apt. 981
Garciachester, GA 59241"
Mcbride and Sons,1862,"Unit 0824 Box 7161
DPO AP 56206"
Holloway LLC,1893,"7728 Miles River
East Anna, MN 95472"
Mitchell and Sons,1958,"1147 Cervantes Locks
Robersontown, VT 94560"
"Mendoza, Blackwell and Daniel",1925,"496 Justin Mill Suite 960
Danielburgh, MO 10840"
Dean LLC,1837,"65479 Alexandra Parks Apt. 101
Russobury, UT 61852"
Thomas-Farley,1952,"183 Gray Circles
South Bettymouth, TX 09085"
Potter-Rivera,1938,"4061 Johns Prairie Apt. 234
West Justin, MO 70514"
"Rodriguez, Powers and Lopez",2013,"8392 Walsh Key
West Emily, MN 12381"
Weber LLC,1966,"815 Brian Light
North William, NJ 69769"
Davis-Griffin,1881,"101 Nelson Track Suite 449
Lopezborough, SD 30385"
Santiago-Miles,1886,"78656 Lori Oval
North John, NH 86532"
Turner-Mitchell,1854,"77492 Donovan Forest
Port Jason, NM 73824"
"White, Rice and Mccann",1944,"0230 Raymond Mills
North Lance, LA 43940"
"Greene, Graham and Williams",2008,"PSC 1299, Box 6800
APO AP 16248"
Parrish PLC,1832,"248 Susan Pines Suite 487
Johnsonchester, TN 20875"
Romero LLC,2018,"Unit 3758 Box 6066
DPO AA 36781"
"Merritt, Richards and Barker",1899,"207 Peterson View
South Robert, IN 77860"
"Velasquez, Leblanc and Patterson",1913,"8846 Haley Branch Suite 348
Gardnerland, DC 14088"
Hall PLC,1981,"5124 Horn Stream Apt. 095
Hoffmanview, VT 44738"
Arnold Inc,1977,"699 Juan Plains Suite 966
Lisaland, VT 48339"
