first_name,last_name,working_year
Robert,Manning,28
Andrew,Crosby,7
Aaron,Kirby,10
Wayne,Allen,30
Stephanie,Newman,12
Danielle,Alvarez,5
Andrea,Fernandez,24
Dawn,Smith,23
Jerry,Mcknight,21
Christopher,Rojas,8
Ana,Trujillo,20
Diane,James,30
Brandy,Stone,17
Robert,Cortez,6
Nathaniel,Martinez,20
Sara,Stevens,20
Timothy,Peters,7
Theodore,Vance,12
Carlos,Evans,12
Katie,Owens,11
Daniel,Smith,15
Theresa,Bowers,6
Allison,Price,4
Jennifer,Hopkins,14
Jessica,Johnson,14
Justin,Mitchell,16
Anna,Lee,21
Joe,Carey,17
Toni,Ramos,18
Jacob,Boyle,21
Shawn,Obrien,23
Mariah,Bray,9
Deanna,Williams,8
Debra,Schultz,16
Donald,Abbott,9
Andrew,Powell,16
Jasmine,Miller,27
William,Franco,5
Allison,Sharp,20
Stephanie,Rodriguez,21
Dylan,Macias,10
Linda,Campbell,13
Robert,Perez,20
Debra,Ross,21
Katie,Tucker,25
Joshua,Moore,21
Christopher,Bell,16
Catherine,Patterson,28
David,Callahan,10
Stephanie,Evans,6
Craig,Austin,17
Susan,Patel,27
Ryan,Moore,18
Cheryl,Callahan,15
James,Ball,10
Peter,Duke,14
Jeffrey,Blackburn,22
Debbie,Deleon,26
Matthew,Wilson,13
John,Reyes,19
Ronald,Sherman,28
Sylvia,James,14
Nicholas,Jackson,22
Jeffrey,White,12
Darlene,Simon,25
Richard,Lloyd,16
Jessica,Rice,24
Juan,Miles,22
Barbara,Horn,19
Kayla,Wilson,14
Eric,Gardner,26
Steve,Bray,26
Jesse,Mcbride,10
Robert,Foley,22
Jason,Jones,5
Denise,Meyers,8
Joseph,Newton,26
Brenda,Tate,12
Gail,Butler,21
Heather,Sanders,13
Sandra,Mccoy,22
Eric,Garza,20
Anthony,Walls,29
Joseph,Hunt,7
Willie,Henry,28
Robert,Winters,29
Lisa,Taylor,12
Natalie,Cunningham,9
Wayne,Guerrero,7
Amanda,Rodriguez,17
Anthony,Hall,12
Megan,Bell,24
Heather,Gonzalez,16
Jill,Bush,10
Holly,Thomas,12
Tracey,Simpson,4
Sabrina,Young,17
Shaun,Hall,22
Douglas,Singleton,21
Christopher,Miller,10
April,Erickson,20
Robert,Henderson,18
Katherine,Butler,19
Kelly,Sherman,12
Nathan,Kelly,12
Arthur,York,24
Marie,Owen,4
Joseph,Patterson,23
Gabrielle,Young,12
Brandon,Davis,19
Laura,Cunningham,7
Erica,Wright,3
Steven,Choi,18
Kimberly,Mercer,28
Jason,Collins,26
Richard,Hamilton,3
Bianca,Jimenez,3
Thomas,Flynn,5
Jesse,Johnson,4
Jessica,Carter,8
Bryan,Stewart,26
Elizabeth,Patterson,9
Amanda,Glenn,18
Rachel,Heath,23
Micheal,Williams,10
Michelle,Campbell,24
Bryan,Pratt,4
Christina,Morse,13
Melissa,Parks,14
Dwayne,Flores,3
William,Bauer,16
Felicia,Key,13
Joseph,Madden,16
Eric,Rose,3
Edward,Stanley,6
Roberto,Reed,24
Johnathan,Bryant,6
Kevin,Shaffer,3
James,Young,17
Keith,Ellison,27
Kathleen,Day,12
Amy,Nichols,15
Laura,Villegas,29
Veronica,Wilson,21
Karen,Stephens,27
Jean,Rodriguez,10
Shannon,Gutierrez,29
Joseph,Abbott,23
Heather,Jensen,13
Robert,Landry,7
Jacob,Dixon,30
Frank,Welch,27
Angel,Rangel,13
April,Swanson,5
Jillian,Haynes,26
Kenneth,Reid,19
Sharon,Haney,21
Jacob,Norton,30
Jeremy,Bray,15
Michael,Hall,27
Kenneth,Mendoza,13
Terri,Robertson,15
Tina,Sanchez,21
Amber,Jones,30
Janet,Wallace,24
Daryl,Moore,9
Mary,Moore,22
Pamela,Thomas,14
Jerry,Howell,4
Sarah,Johnson,4
Richard,Washington,27
Tracy,Hall,23
Zachary,Nelson,22
Mark,Gray,26
Tammy,Chapman,16
Aaron,Anderson,18
Rebecca,Johnson,4
Lisa,Perez,6
Kevin,Sanders,23
Kristen,Gonzales,22
Kenneth,White,25
Richard,Silva,16
Travis,Richard,27
Sandra,Duke,7
Gary,Burns,22
Amanda,Taylor,22
Richard,Thomas,15
Dawn,Mckee,21
Cassidy,Smith,30
Christopher,Pennington,26
Taylor,Alvarez,17
Elizabeth,Mendoza,19
Jessica,Bowen,4
Reginald,Case,12
Rachel,Wilson,16
Michael,Ford,12
Ralph,Turner,6
Stephen,Brown,20
Derrick,French,22
Alan,Jackson,19
Laura,Blair,27
Timothy,Smith,29
Michael,Guzman,27
Charles,Williams,15
Mark,Fitzgerald,16
Maria,Lewis,17
Jessica,Bell,19
Lauren,Dodson,27
Mark,Ortiz,25
Dylan,Monroe,27
Whitney,Fuller,26
Denise,Scott,19
James,Johnson,4
Andre,Smith,24
Deborah,Martinez,24
Sheila,Wright,22
Danielle,Padilla,6
Jordan,Long,5
Gabriela,Bradley,27
Stephanie,Reynolds,21
Michael,Jenkins,8
James,Cooper,12
Christopher,Bailey,7
Michael,Parker,17
Mike,Ellis,8
Darlene,Johnston,8
Eric,Byrd,6
Kristen,Williams,27
Dan,Bryant,25
Eric,Smith,3
William,Perez,16
Kelly,Pruitt,12
Nathan,Valdez,14
Martin,Martin,29
Brandy,Sweeney,13
Taylor,Mullen,17
Sherry,Delacruz,14
Christopher,Best,5
Jennifer,Short,16
Benjamin,Davis,7
Joseph,Thomas,4
Jay,Fischer,29
Rachel,Ashley,5
Alan,Tran,12
Phillip,Rogers,30
Mark,Taylor,9
Denise,Watson,3
Lorraine,Tran,23
James,Wells,7
Jacqueline,Rodgers,11
Fred,Wagner,27
Janet,Mcdaniel,8
Sue,Duffy,7
Jonathan,Jordan,8
Michael,Frost,8
Nathan,Warren,12
Brenda,Jensen,23
Austin,Gonzalez,14
Christina,Moore,30
Kara,Swanson,18
Sabrina,Martin,16
James,Ryan,29
Aimee,Schneider,11
Teresa,Garcia,20
Carrie,Bass,9
Lynn,Bell,8
Shawn,Gross,24
Martin,Moore,19
Jeffrey,Murphy,18
Randy,Grant,9
Caitlin,Sanchez,12
Christopher,Anderson,13
Jasmine,Crawford,24
Kimberly,Johnson,5
Melissa,Johnson,27
Linda,Rose,23
Benjamin,Walker,15
Norma,Nelson,22
Hayley,Cantrell,18
Billy,Valencia,8
Debra,Smith,14
Joseph,Mason,25
Angela,Stewart,22
Eugene,Chambers,18
Ashley,Gamble,30
Angelica,Mcneil,12
Angela,Luna,23
Eric,Montgomery,3
Justin,Bates,16
Leah,Chan,11
Justin,White,20
Nicole,Davis,23
Amanda,Barrett,3
Emily,Garcia,12
Tanya,Barton,5
Cassandra,Garcia,29
John,Crawford,10
Anne,Austin,18
James,Campbell,12
Patricia,Evans,18
