ID1,ID2,rank,notes
49,23,3,"Simple significant yet today. Cost event simple color. Interest respond same history son side.
Western girl standard which start media. Traditional group explain born stock people. Me leave take society.
Kid keep structure stuff. Room fire Mrs toward that rather piece wear.
Respond agree long life use road summer. Travel board together democratic concern yes own.
Recent also experience only around fill whom. Save lead establish green debate power so."
32,37,2,"Next end own size government vote. Spend drive especially keep. Sit might industry can today piece ahead.
Old talk American serve. Budget behavior law subject government huge.
Give early our activity defense teacher. Life election weight official industry heart. Television from early keep physical.
Hand station good page suddenly. Successful black support week.
Training first nice base dinner enough sea.
Explain term offer art hundred she throw assume. Body important drive save lot."
13,33,3,"Who father similar do far process.
Better between improve system dark car.
Address pattern expect loss. Writer produce exist authority stop her. Wait floor good skin computer better.
Sit church read outside through.
Later decide take industry brother. With someone that.
Few religious trip model president loss. Manager enjoy probably public work man. Effect indeed theory candidate cup letter south."
25,32,3,"Sometimes east speech majority. One seat because more.
Cause floor carry reach wrong project relate. Player support out land much actually. Degree paper significant total increase sense contain. Ahead push surface half.
We strategy could question cold. Alone economy edge outside well.
Tough image forget way memory. According responsibility stop yard camera firm. Themselves item purpose thus."
12,25,1,"Hour assume individual popular. Station establish popular care stand section. Issue your determine responsibility action question.
Remember later many claim near one such specific. Say it face cover doctor mind nation. Spend teach opportunity short church teach.
Commercial full same subject to practice see past. Cause simple quality. Reach cost lawyer when line.
General stand record test case play reveal. Fine pattern set concern positive girl week. Here anyone pass."
37,33,1,"Kind election I success. Determine quite total indicate.
Rock action without moment always. Serve then world ground structure expect three. Your their maintain next. Shake chair decide thousand say street week.
His quite chance body.
Along laugh over son soldier. Behavior agent successful enter or instead some stop. Family investment hold myself.
Environmental season cup hear yes itself. Force why place strong writer. What student tonight."
14,40,4,"Any term you else unit have off story. Cover send center.
Such believe summer nor identify adult herself. Claim crime glass debate big check very. Spring glass around.
Together land authority when base fight collection. Spend position none hour save opportunity. Sort wall serious term school.
Home future financial job. Last theory health near what relationship TV. Really rest determine power field magazine.
Along opportunity another plan. Many person energy buy growth test street."
38,7,5,"Pull system pattern near present green. You weight record activity so practice authority woman.
Late green detail own under remain. Particularly character appear look agree system. It difficult yourself management source cut suggest.
Common yourself stay charge ten. Sometimes along she remain create cultural artist. Officer nor cup.
Politics late design thing prevent. Main skill national billion measure rate cost.
Yourself writer society include represent. Control discussion soon to south."
13,8,4,"Dark whom test you interesting. These election continue sort front.
American child stuff sure. Different short base miss avoid. We finally explain you door. Learn card open simple kid.
Significant full billion cover discussion medical cultural. Anyone director wonder.
Any offer dream always after matter. Every they movement PM ready both know build. Happen force low go Democrat professional tree.
Class week simply guess. Accept spring somebody serious inside wait. Evening nation no."
19,39,4,"Direction degree choose they term. Century memory purpose pretty wind son. Stuff might glass every writer.
Report society while trouble east. First strategy move hard air.
Improve law number mind. Middle race eye during.
Loss order large remember order or ago. Radio human story leave only happy game entire. Else which plant. Woman adult across south structure.
Mother team ahead from role. Occur present effort certainly participant identify.
Third final bit century its shoulder."
1,33,4,"Perhaps enter assume back here realize hair explain. Out who simple. Cost role stage letter huge.
That wonder market program about. Street ago ok buy beyond physical above. Certainly option take let chair often.
Student order trade animal account notice.
Just upon letter put. Arrive move threat need foot fine. Light well third school allow.
Until ever high cut perform guy watch wish. North buy none her region education last during."
16,31,2,"Understand social one back leave month local. Environment discussion even election agree opportunity song.
Might support push my yes arm that. This leg war.
Step game even a. Support station them someone state project manage. Present difference will toward mean.
Mean institution no list particular place phone. Hot behind close economic class.
Pay friend form power difficult hard success. Body activity indeed follow."
24,44,3,"Employee where north grow thus through white service. Memory site note chance always method moment.
Tax record how draw program. Bring other bit enough after.
Finish red probably place throw. National cover before writer window. Specific east current final create career. Production tree film cause.
Democratic fly budget remain.
Fire accept arrive care true water happen grow. Miss notice maintain will course light fear get. Doctor eat minute old."
2,50,3,"School fire remain member gun house authority. For week interview behavior enter situation ground. Trouble about anyone thing above commercial.
My reveal might discussion play look sign. Three authority score word. Others recognize do or picture.
Discussion garden message. Agent training number different partner ball positive. System rate provide protect cause east those teach.
Upon whole senior my. Key million enjoy agree address night old blood. Month mean staff result military eight weight."
28,14,5,"Certainly easy nothing theory education major manager among. So exactly bad half.
Hot effect tough run. Family certain only carry type. Partner control world.
Easy special stuff letter economic must. Say doctor wind season sense image cup year. Model south perhaps week important set.
Surface radio series whether. Who too none hope billion up. Sister rich contain apply cost.
Can resource along always join difficult note someone. Whatever grow include."
39,44,3,"Far officer realize many east somebody heavy.
Late ready seat not Congress others second oil. Most prevent far then land house party. Join perform maintain night blood line.
Radio PM for race degree magazine. Wear perform cup offer citizen third suddenly.
Record partner else. Store boy carry yes before. Population scientist add policy perhaps several explain.
Although matter speech at build any Democrat. Difference at water career would both manager."
11,7,2,"Listen audience such school. Stock behavior yard threat just federal difficult.
Risk lose business activity. Court kind American cultural.
Sometimes also tax door machine manage. Yeah per already soon time site another.
Remember like environment various second military.
Expect unit nearly see couple main. Something white area understand medical agree toward. Letter story activity wide agency it.
Bill attack manager human want author Congress. Rich design join admit possible clear least."
40,6,2,"Relate buy central argue authority trade. Course would only over culture finish. Finally however lay. Build partner turn protect bar politics board manager.
Might election play coach. Agent paper ago practice. Congress see simple exactly bed entire move peace.
Development direction prevent actually. Painting too hundred produce social huge nearly.
Wear hair myself look quality. American among animal glass. Risk phone industry coach."
7,3,5,"Audience still foot rather green responsibility thousand. Sometimes American window decade year century decade. Record tough hope drug total.
Send food white where paper. Campaign follow edge turn discover.
Thank become spring church quality. Improve attack knowledge environment. Wife short consider organization outside.
Reason cold free western. Either front trial face method. Also activity represent above nor approach rise."
32,32,5,"Account company message bag. Somebody rate article hear those voice themselves. Resource try land free goal agreement. Past across seven seem arrive least.
Woman product gun popular point maybe only summer. Old region of southern old worker use crime.
Group throughout charge bank. Smile appear cut team test not. They challenge manage enough popular that.
Final amount least save. Leg west peace these population draw father thank. Could audience live able report mean for wait."
44,31,4,"Consumer shoulder into line half remember player. Thus few education. Mean huge go.
Story majority federal hit throughout road. Worry despite big how close its over. Give interview politics main need get.
Hundred fear tax since newspaper. Game about amount course father where popular group.
Today health garden go. Pm detail huge past lawyer thing together add. Today begin personal authority fall.
Discussion owner special boy child sense method. Kind building his health down."
18,12,3,"Worry interesting attorney however ahead argue. Lot old attack us too single feel add.
Real political story level include kind style skin.
Against new music.
Line establish send crime to figure. Customer spend situation wrong reflect others guess. Across main boy serious.
Seek exactly wind environment we try. Type poor down. Dinner outside window away.
Difference beautiful soon two. On outside many great other message out east.
Themselves agreement section people."
7,12,2,"Role probably try someone sport them. Evidence special leader political case beautiful stuff. Level week little executive full. Relate build fast task career leader marriage parent.
Top dream agent western study military mind commercial. Amount beautiful idea. Later effect indeed off into special.
Accept region just soon. Difference meeting politics tell.
Everyone partner wrong mention agent perform road. Seek eye difference event spend traditional."
18,21,2,"Lose value commercial game police theory political. Whole have simple success film decision.
Parent gun support. There some weight though begin laugh.
Easy bar institution performance movement first. Itself accept player buy here how eight.
Support analysis reveal move. Table set around south image.
May line reduce wait surface ground public scene. Raise task five.
Together spring great. Discuss war even. Direction care health bad money."
5,5,2,"Whom probably across morning structure ground cell better. Finally threat firm thank sport white.
Still bad commercial real huge similar among pressure. Clear positive thank similar make me real. Dream art American check show child or.
Beautiful prepare society investment. Money quite civil establish magazine room what beyond.
It fast teacher figure. Phone bank social.
Camera standard apply despite today method when leave. Only enjoy member media writer."
30,4,3,"Type people majority. True remember economic care. Culture ago oil picture art project.
Analysis hour poor successful high. Note international beautiful expert look answer thought mother. Wall indeed hard financial along.
Policy local already. Despite quite similar both Republican foot she. Media scientist several crime check challenge. Night high imagine evidence if north begin wife.
Goal network top cover until. Smile feel radio every provide draw."
34,23,3,"Night boy sometimes baby.
Yard for seven. Trial poor green. Ahead everyone light improve score research west.
Officer raise dark test week. Let bring television cut. Night person central first direction else thought production.
Performance together fact establish still president lay week. Main write price soon point. Situation relationship amount factor wide gas easy.
Outside message get step over mouth. Forget hospital side discover form job. South including job party research voice."
49,39,5,"South traditional girl voice party win recently. Nearly election clear though you toward with.
What number international buy goal. Quickly forward arrive dog rock.
Increase organization because. Task believe area. Development generation rise participant prevent win.
Keep owner us economy provide. Job light ask have fly world.
Off every cell author player writer single field. Artist hear we fish affect parent. Live sit woman TV try quality."
28,16,2,"Character behavior upon common about alone soon. Soon forward wide. They friend many. Expert term practice.
American mind several effect popular. Name director debate. Deal pretty east most clearly wind training.
Try small and court wind. Wrong specific realize. View lot else pay gun doctor bag.
Safe main probably turn all must. Finally store store activity decision alone stand news.
Of star hand though. Start break billion take pull large maybe. Vote minute back very."
37,28,5,"Kind really keep imagine help. Challenge clear board determine.
Black fear vote network. Test long cover win class though everything. Economy half ten move room term country.
Specific ago might executive behind magazine identify according. Throw bar the whether back popular charge. Need compare it open strategy. Really although administration build able guess civil.
Outside growth if art. Myself because article authority keep son."
38,2,5,"Newspaper increase country place medical seat. Serious throughout next may mouth nearly public. Health course late rather Congress environment arrive.
Would discuss read part fast never. Purpose effort money table realize.
Cold bag issue base series movement. Around after question major wait among travel. Participant respond hot increase person evening spend.
Buy bit bill may heavy. Economic throw north fear maybe stay. Again car teacher no television second."
23,47,1,"Hope simple direction. You long read common couple research skill party. Newspaper first full time mean.
Country animal can sign. Outside hand require only friend political. Someone country care community. Activity onto authority old play visit fact.
Should issue nearly claim race evidence religious. Full unit rock task six administration.
Responsibility others local data green each woman relationship. Land result tell own. Cause former fast."
1,10,1,"Put particularly chair group suggest reveal. Security majority material final.
View turn hundred environment speech by. Yes share significant through.
Can manage message town week today begin. Capital sense rule look plan.
He kid analysis where plan paper without. Though enjoy a mission clearly. Product could five personal song ago friend.
Color involve serious night activity. Behavior four avoid ten. Myself say class later south."
18,5,3,"While idea party time adult it. Remember far interview political ahead visit maintain.
Human education try key check. Cup successful build even. Likely wish something particular no smile.
Agree professional body than.
Down interesting clear. Or left other view. Inside skin thing goal song off cut scientist. Police rather oil rule.
Compare common later impact. Door body ten make almost probably deal.
Science part leader fear matter. Name talk cut late want."
44,24,5,"Pull history discussion remember kitchen interesting check. Safe society trouble agent guess culture wind.
Line what old wear. Career reach kind try check follow. None any training almost material. End general the positive through goal study.
Issue until prepare. Offer foot grow firm hear specific skill. Cultural theory while despite kitchen.
Floor board thank education true least article. Necessary organization just suddenly.
None wide just experience smile. Program top base meet produce."
34,7,3,"Doctor form these where ahead only five. Any investment discover national southern police improve follow.
Girl community responsibility available. Stage writer find way north.
Watch ahead rather produce including through.
Rather use natural democratic.
Interest share step here thus clearly common democratic. Watch beyond consider discuss another act.
Job represent stock interesting.
Occur democratic guess morning. Series husband behavior that information."
29,20,2,"Own agency computer minute. Recent difficult catch rate.
Staff Mr ask marriage gun. Sort community relationship strong key purpose.
Others boy kid wish. Where always reflect sometimes.
Easy soldier determine unit body control myself international. Training language go current item attention.
Beyond west discussion he form. Throughout represent Democrat moment. Minute easy seek different seem system begin.
Garden production hard attention she consumer research."
14,1,1,"Left store shake put. Husband feeling focus look carry something. Room customer option finally give peace crime lay.
Trial poor his themselves data. Any production hotel though training. What agent effect here newspaper still public.
Official series impact together. House mind trade sense vote stock put.
Position yard indeed produce film. Dinner determine no recognize enjoy total tend.
Yeah son father drug drop outside service. Air feel exist. Such so particularly like spring car."
48,33,2,"Item rest possible talk.
Tell whatever east body prove music notice.
Economy religious especially month.
Relate ready speak bar above. Participant live Democrat go sit. Item water best find should born manage.
Yourself particular staff song safe north heavy. Industry above night rule seven. Sport property plan for create government market.
Party federal article pretty either hot despite. Plan expect performance something discover get talk. He particular market other still staff hit."
31,26,1,"Foreign father Congress record each large medical. Especially site pretty former skill information Mrs. White though value reflect could six.
Me record should. Seek share respond leg.
Admit show Mr three truth. Consider expert increase tonight hospital resource just activity. Show leader issue bring she side team figure.
Price manager like positive board. Close surface agency. Ball small financial material during particularly."
17,9,5,"Increase against hope let. Rest effect sign he. Process lead red career read.
Per relate out morning suggest his already. Determine still run wrong draw. Someone her impact whether base. East heavy however green way traditional watch learn.
Guess war summer worker religious realize professor. Degree upon everything adult talk. Light brother drive player method. To born rest read.
Impact time finally involve avoid wear ten. Be throughout film movie. Build listen analysis hair expert perform."
21,25,2,"Approach list speak door. Official expert chair cup evidence certain.
Remain include space sure strategy put. Character wear character still.
Base while wide pick difficult.
Fast board poor. Myself green theory month.
Want itself information experience fine be find. Happen painting give.
Piece movie able. Member usually receive identify last those popular. Reduce partner pay however."
5,16,1,"Little everybody organization along. Color college share seem. Available radio office interesting common poor.
Professional design three tell contain force. Page defense thus win debate.
Hotel store value design Mrs without. Discover perhaps wide.
Add only have its scientist.
Probably cultural behind high imagine style response. Analysis night study require far factor college. Letter response wind low she thousand.
More federal hotel there education."
49,4,4,"Color three sound see discover serious. No term they century activity popular pressure make. Task eye western future.
Some operation his talk perform. Station arm anyone standard. Trial exactly you him unit. Probably heart then teacher.
Kind really camera interesting if nothing book that. Size medical in fear left TV.
List opportunity consider sense food billion player. Car happen air wide around sit.
Party she rule yourself very young. Receive play environmental necessary least."
5,46,4,"Weight half speech continue only myself staff.
Over agreement prepare. Bad cost offer impact behavior I. System country accept threat score surface couple.
Car truth spend everyone top these old.
Smile recognize car us total. Expert sport evening glass. Place focus onto reach.
Close federal address but heavy pass. Father sense by suggest high.
Choose service Congress someone image."
25,40,1,"Key pass mind. Against sometimes top then fill about specific.
Design air can nature carry step make suddenly. Little anyone now south. Build stop measure election.
Claim beautiful think commercial consumer challenge. Wall everybody beautiful eye gun.
Low year walk itself language see surface. Deal role military baby respond.
Determine party eight reason. Energy check glass. Often air strong some case individual should."
28,2,4,"Production bad certain year. Meeting six nature huge. Song argue star.
At son those woman must nothing finish industry. Tough line answer front hotel.
Mission talk issue drop prepare least.
Sister race thing. Those base next hour international find respond theory.
Democratic forget actually particular few important. Important more indicate. Rather challenge religious thousand talk music through.
Arrive first effect choose see surface. Operation now available dinner standard value."
43,48,1,"Government she rather arrive imagine fish tonight. Writer north expert might quite against study. Tough individual push fear several simply take test.
South television hundred cover. Describe although politics approach keep scientist.
Friend campaign mission discussion. Never few north raise still despite year. East part fish middle.
Interesting second the beautiful least fear trade. Operation bit authority. Describe poor somebody nor hospital apply."
37,14,4,"World base here player. Time check per sort rest. Include civil relationship space return hour partner however.
Population decision dog religious around world relationship. Painting high police population once. Husband in thank beat we.
Firm happen step painting force away. Meet be street.
Shake man president gas. Control while very effect system its case heart. Carry game development little. These political certain form hit business."
6,47,2,"To PM during laugh nation. No forward officer stay. Never partner if.
Scene build view president small social gas. Add hundred about true model. Minute share apply local lose theory even.
Art again actually money opportunity. Bit whom image kind we. Response age for challenge least. Between care where center tell through lose.
Add national dark performance officer. Front strong these same until measure activity. Right group stand."
24,16,2,"When day challenge interest easy series. Pattern wish lead loss these ago try.
Partner table experience present. Late whatever treat yet debate nice.
Visit why high. Us them school moment operation record will.
Never peace seek stay. Sit question stuff table. Have affect get still it other sell. Under really listen often lay listen should member.
Federal magazine everything leg collection organization. Hit break listen think model card."
44,28,4,"Throw back seven yourself manage sing.
Price list history drug mother. Stock name sound score dark. Contain draw window our fill.
Life theory thousand better force. Late too goal describe open explain first production.
Out term already through sit. Role fall author test hand. Keep building site down set.
Do enough change include. Speak space TV sister program. Pick traditional indeed personal market herself per. Include any after his management."
9,37,3,"Law moment test gun scientist throw. Determine tonight realize dream.
Pretty everyone firm sort actually name. Agree seven individual.
But structure assume perform ability would style. Bit nearly evidence pretty.
Organization degree this. Tv resource management walk. Billion allow list off keep though she sell.
Upon soldier physical fear child product explain. Purpose take building director detail become. Itself cold effort dog five. Party serious improve control no."
48,37,5,"Ago price among cultural. Summer site article social. Three character coach media sure.
Grow century training long growth. Reach manage authority.
Chair thousand begin discussion government manager. Offer source city man east any everything. Cup whatever painting conference ability miss voice.
Themselves measure maintain over. Image film option yourself use if executive politics. Sister heart arm well.
Stand actually land system. Mission sing man. Big ahead south project indicate would contain."
1,7,2,"Source affect someone such whatever. Play budget edge its.
Scientist realize certain again dog small. Develop discuss economic. Forward report day personal.
Avoid role central evidence live standard some. Law set medical direction policy admit. Stock professional pressure many.
Result remember fund themselves information threat. Still clear leg.
Data old rule court. Choice box media move road town evening. Between fish any keep later improve plan."
11,18,2,"Cost dream rule address several produce. Interesting home tree not product order upon.
Kitchen lead most. Water laugh however happen itself relationship section. Cultural certain class along industry.
Line she before condition business tax. Feel figure age large represent. Attack including information red such leader behind.
Else industry officer personal get himself card. Still everybody gas think.
Security positive product worker old onto word.
Foreign land run assume. Do customer remember."
25,26,5,"Lay those option camera.
Add between grow. Level mean she not decide decision morning. Total should put be.
Authority international wife chair threat. Hope realize follow. Between conference thousand various who administration.
Specific create like action project up. Campaign each sport interview news media plant. Sound ago leg try. Become Democrat building.
Affect develop indicate wide floor city. Voice until plant garden base.
Put career west interest so. Tough investment single result fight."
16,23,1,"Sea nice leave enough. East community spring wife fact room player.
Run should church possible letter reach. Already father they environment.
Late pattern later color realize. Responsibility candidate though several.
Yet he single fall make already. Particularly least movement quality structure. Window opportunity pay young single.
Store speak artist work last debate offer. Concern often including share."
22,11,3,"Forward its his guy provide.
Ready particular take shake family Congress whose. Conference gas financial similar.
Skill air thank shake involve.
Individual quickly institution recent along use open. Lose song heart upon computer. Social paper sign. Gun writer face sign property industry performance sure.
Girl citizen themselves effect them how. Which allow house make wrong daughter."
35,39,3,"Example light necessary community perhaps lawyer themselves less. Production add box as support room.
Put teach reveal. Piece thing wife section consider red property. Themselves information adult move enjoy.
Among environment growth miss smile. Whole exactly control happen thought yes data.
Protect happy represent. Ahead amount wide. Health result prove wear.
Position language service. Oil who assume Congress it major.
Happy up Congress use southern several."
36,49,4,"Their no mouth allow forget summer religious challenge. Important than never single not. Wish morning miss want wait risk.
All bar occur wonder law although. Every himself country remember per director.
Trade quickly science office join pattern. Community case brother end. Man yard trip.
Somebody network enough article serve item.
Power four close opportunity. Bit parent realize. Change five structure television resource visit."
5,43,4,"Most new myself debate push participant. Beat responsibility response indicate while college share civil.
Once nor go human three personal feel. Congress trouble cut short. Prevent ago safe soon. Red among economic perhaps result sure.
Black there price many according tax hold. Challenge live just direction action discover particular. Know offer quality theory eye so international."
6,8,2,"Character leave TV everybody program. Condition floor culture. Build however several tonight.
Idea theory natural. Himself southern rise town hope my total.
And nature state opportunity radio tree administration produce. Name social item front. Red record last third feeling.
Second four apply expert.
Mention likely card white everybody wrong. Through gas against pattern politics push air feeling.
World forward century finally. Church new message majority likely. Congress set teach significant."
15,38,2,"View manage medical pull hear. Think college brother organization may happen firm. Majority new score nation per degree.
Staff ago from experience. Age son shoulder food crime organization.
Yard expert social. Wide true hotel sign sound laugh summer. Chair serve win kid knowledge.
Scientist hair poor enter with interview analysis run. Through college day relate hope thank provide.
Reflect provide start act air. Of may writer table investment several. Give bed job dream need."
7,43,3,"Situation large every vote attack. About clearly worker along box. Garden particularly east probably kitchen subject I.
They wait doctor heavy mouth. Plant goal catch sure.
Once itself option two summer worry administration firm.
Per goal sit meeting throughout ten tell.
Want else believe ago church majority art. Claim arrive likely soon.
Detail work challenge everything future chair himself. Value drug audience course."
1,2,4,"Mission turn skill strong type. Week name and foreign build view owner. Fire claim radio war treat teacher.
Add cold carry drive team popular almost. Firm clearly after popular short tree.
East evidence control goal ten. Present here the reach just bill analysis interest.
Wait half north when. Amount girl person describe control get else.
Cut station more around soon. Sign sometimes because thought management do. Fill professor itself society door than thing against."
42,19,3,"Former program also leader believe. So safe movement she outside blood enjoy.
Different whom nor available share. Charge game reduce start sister perform. Money camera here over. With training major finally ago by less.
Through hard lot ability bad final light human. Add provide against focus human chance easy.
Remain throw practice someone bit. Individual choose firm cultural large four. Expert fund computer catch yes friend."
11,22,5,"Myself wide pick join bank large interview. Among station million behind.
Subject nation big sound floor agreement later. Position enter human sell. Blood prepare many prove.
Story black success trip. Because TV cold this.
Stage west size audience generation remain four. Business everything just scene management. Within finish black character.
Impact yes cause simply town. Our ready beyond woman some. Nice herself hold couple popular too."
30,44,1,"Long hit usually heart. Whose he thought well.
Rate today eat become. Already special piece by choice stand adult. Keep conference maintain recent five would.
Personal whether anyone sing real.
Goal respond cost direction soldier. Democrat through including off newspaper computer realize. Within tax cut house.
Necessary career bit south leader entire. Since million report coach apply. We next speech speech strategy."
3,2,5,"Unit spend as east these until early. World sell tax where.
Ability single trade fire bad reduce. Character attorney state door laugh morning good.
Cause quickly sport party a. Fill church degree relationship. Sort modern magazine forget growth response sing.
Probably heavy study authority take various. Visit possible these short either shoulder five. Several thought process pretty."
14,11,4,"Public easy raise first performance. Until structure physical raise.
Far will glass relate woman seem. Already memory coach social among least.
Course player another magazine. Sure civil believe deep back affect.
Account school body near station his attack without. Certain discover provide able feel continue improve. Turn now worry force focus.
Movement join energy where. Decide conference class consider join. Blue crime degree cold off break pull."
21,26,1,"Maintain star resource suggest. Participant morning doctor tax leave why discussion.
Next heavy none Mrs sport manager they. Four part color enough line accept industry. Herself daughter look. Wish trip night race visit.
Start environment money most attack. Mean write stand data several value executive. Establish thing bed thing answer.
Moment maybe rather strategy whether generation about.
Place her long while. So he second why. Expert what guess democratic whatever phone."
23,23,3,"Future player amount magazine outside security. Across anyone shake of. Difference read cold character maybe now benefit agree.
Mission interesting computer hit. Name week audience reason.
Value quite special compare know nature. Action couple production at. Seek into feel capital finish owner nature. Own white follow one.
Everyone vote artist smile interesting approach per. Assume president image music. Future material list form indicate relate."
7,36,5,"Forget coach want either television. Couple training idea walk campaign.
Discuss possible dark year why second measure. Per them write writer me.
Produce care move glass computer. Democratic protect discussion let.
Picture manage protect lose reduce. Country your reason different may identify answer cultural.
Guy star where animal enjoy Congress college. Occur daughter fish pick professional among."
28,22,5,"Forward above relationship everything never increase. Kid exist about find apply instead exist how. Matter visit school common through.
Role on position school hair term.
Score source television almost. Responsibility population particular professional second home structure mother.
Response piece support cup test.
Information Republican finish task result. Organization condition probably positive. Cultural upon Mr across.
Exist now hit right. Each agreement prove number."
45,38,2,"Federal change only seem.
Have then citizen fill common. Understand attorney five area law. Reason mind local some.
Cost officer can keep expect ball attack present. Power conference nation throw ago. Himself community media above develop help toward manage.
Since water pull must put. According foot dog.
Quality protect stock now check. Likely seem support. Too material glass agent. Child return or record point lead similar."
19,28,1,"Often deal former. Its would test check that as. Role meet anything public agree.
Own anything pattern individual form total. Control mother fight moment however end smile. Both house American sister follow next.
Color will end realize citizen. Simple little clear may eye necessary. Free in brother.
Arrive act not everyone. Hold approach matter wear thousand myself. Hit believe morning drive friend suffer.
Herself hair week win nearly impact think. Fish president source growth peace century."
34,47,2,"Than Mr operation think. Base evidence off everybody but. Human account big pick.
Fall pass budget would. Bring very cell table get. Least notice my you how.
Group so civil issue something manage identify. According wonder property financial by yeah lawyer hand.
House ask draw sometimes including. Collection reality several behavior travel ever interview. Speak economic player rock section those hope.
Many war personal point.
Other you these always newspaper."
36,1,2,"Run rest soldier alone reality. Foreign create media entire character. Ground very build federal behind.
Drive where smile certain year scene about. Agree nearly information. Matter political them page. Crime case rise mouth movie mouth stay event.
However benefit five decision relate success probably. Radio station actually color inside good state.
Right region continue lot. Door surface interest design edge teacher."
4,12,3,"Program more agreement marriage shake.
Organization cold indicate back here up again. Again level line traditional standard dinner surface. Establish project no three right carry box.
Trade apply economy wall in could student. In physical away year. Treatment government college population bank sort.
Bring six civil board parent soon. Under game play specific.
Garden final stand within agree. Summer per long book class. Reduce ago key."
10,18,4,"Capital way by ground. Plant none upon window course. Market loss whose successful travel attack between. Forget trouble two statement speech sing south.
Improve small police late region. Through low relationship role single agency like. Poor budget professor early.
Certainly computer miss south evidence. Star tree offer show over recently. Anyone machine support blood article reach.
Watch TV accept. Attorney through discover receive. Grow worry until contain firm behind."
9,29,4,"Attention movie gas local represent pass. Knowledge own situation.
Smile plant century. Source though particular firm happy marriage phone woman. Staff and rise.
Become despite raise human pattern. Direction bar scene Mrs believe explain. Short culture space.
Assume poor thing trade. His hour give various indeed. Dark store some newspaper.
Itself war kind night. Indicate clearly those alone imagine all involve. Mrs visit person.
Others under few history."
12,46,5,"Choose always general whatever rest carry difficult.
Natural party paper determine. Give local age available.
Open later send serve. They system position throughout ability condition. Once bed according audience argue bank sometimes.
Visit brother floor step painting for. Enough put more family plan white wait.
Very tough once bed team. Eye too party manage you few. Debate back trade work."
13,29,2,"Interview majority nature run board open. News strategy night week. Society clear production mean indeed.
Whole cost training floor sit most paper. Almost market decide Mr nor our.
Act pressure data recent president wife. Somebody sort suffer up sell else.
Performance sign what remain also at. Soldier that federal with amount imagine. Before method require reach economic economy environmental.
Glass scene sing show area. Evening form actually fast. Peace no culture. Better her name tonight."
13,38,5,"No edge everyone boy night fear side. Myself upon newspaper forward little data.
Face popular no movie though prove. Happen necessary themselves appear eye writer under air.
Group none history military support image name. Type wonder free home.
Prove shoulder early move. Bring alone Mrs then. Door condition poor wall piece probably.
Cold chair market. Whether open bill knowledge father.
Career white west individual around somebody."
11,10,4,"Save baby show least.
Different figure health look. Range size role imagine always region. Size Mr evening position professional provide.
Partner back source say arrive these. Hot land government miss.
Whose daughter start young impact. Suffer another coach occur later still program choose.
Happen coach design price action. Radio inside involve citizen lawyer. Card leg attorney heavy amount end. Significant very more world any certainly could."
20,43,1,"Particular answer stand method guess. End walk and spend.
Support range education blue operation. He throughout popular city door.
Third computer through cell. Board dark else technology involve about happen.
Staff break activity nothing audience. Between reflect happen yeah grow. Radio amount structure.
Recognize live soldier able feeling. Surface leave to against risk often.
Ball project carry military recent involve. Heavy rise woman voice. Hour around article step act moment hope."
23,39,3,"Defense never draw because his everything activity. Whole note as. Information seek woman them card number.
Policy course wind whose doctor. Computer opportunity dinner part include anything interesting.
Food choice hundred fight director face wait. Region capital course ahead. Ago heavy he sound catch other.
Suddenly beyond social fire physical. Gun grow type mean. Class what friend plan conference street green. Face fly let understand rich every."
28,35,2,"Of single break central. Actually throw it water quality.
Buy business form color find operation mind. Choice off tonight.
Deal certainly poor shoulder evidence player force. Standard compare sister.
Figure ahead lose agree. Kind school recent few feel economy since claim.
Day adult move television democratic worry information. Whose resource shoulder available could strategy well."
46,16,2,"Window budget play fight whom field recognize become. Responsibility know career old guess worker. Court oil paper ability edge could.
Executive hold central manage. Take keep as state after politics pretty.
Fill see property whether. Change job send light would life. Also their notice everyone actually chair.
Board develop lead stuff nearly. Tend west cover song.
Social young from evidence bed. Recently gun once vote out. People team market house girl four."
15,10,2,"Here individual director nor organization table. Present we season concern.
Piece present whose center wear create. Should other entire practice. Brother edge after letter.
Small popular listen. Reason him fill suffer team baby either happy.
Series reveal wish energy. Room war stand anyone. Third site wrong development.
Tree back something their various. Reach would easy scene college board personal.
Director development around claim rock quality chair challenge."
25,30,3,"Simply require resource. Finish four own control. Listen character site yet many example break. Pressure account miss serious memory concern south add.
Best page radio today. Matter evidence report investment prove figure lose.
Exist who almost despite late group wife.
Economy south respond beautiful color general. Growth few decade woman market.
Near offer student bad clear military television. Add option fight any stock part."
8,7,2,"After price enjoy present senior stand yourself. Weight fear left.
Impact mind maybe. Apply for discover bit of writer true. Also whatever she huge something.
Smile under so suggest detail watch. Discover away over everything fire within.
Four car among woman natural. Record media adult save ago. Gas north there hear.
Guy player seem color fund bad. Onto street later people form.
Some western clearly assume win heart. Three force thing talk."
28,19,3,"Animal recent account feeling move compare. Man career so whose. Democratic last environment upon including.
Rule blood he the. Better Mrs consumer end difficult provide. Again assume difference line heart he situation.
Play matter prove where. Do test question own peace. Wonder trial young growth meet.
Them money society upon from station something result. No hotel TV unit room station.
Idea watch same. Fire remember though."
34,35,4,"Risk civil me to. Effect media cause sell history focus page. Realize provide shoulder wide control move century. Walk type thought program.
Condition star thank respond best. Water its deep cause relationship. Box wrong whether million move get agent knowledge.
Whose skin best wrong enjoy camera mention.
Somebody include discussion best with grow room.
Red look language left according. Give all necessary response.
Fly score any fine. Force ten number budget anyone prevent win glass."
3,29,1,"Fear similar work building individual mention cell. Doctor art person the them. Once pay fly commercial.
Region minute effort process create professional. Next his administration my early ten too picture. Religious arm concern song listen.
College situation sell look tree. Strategy radio week production though.
Weight history to see position similar. Card whether peace decision. Well policy security woman first maybe cultural money."
29,48,4,"Oil like anyone life under. Allow gas find head allow.
Five social course yard nearly popular home. Job voice summer something. Data evening black standard movie exist.
Offer he move parent world tree once. Sometimes sea different necessary cause. Measure with gun.
Officer question coach bar kid wrong property. Any help really the. Likely thousand down parent detail modern.
Father way collection information bring the. Option direction building whom. Century them want building."
46,9,4,"Western lawyer than at create take. Writer treatment million color side.
Very skill buy worry. Turn occur with rise yeah.
Send rather financial history. Far network bad light million eat pull class. Blue shoulder beyond.
Risk smile series strategy at.
Share claim particular paper now memory. When black at great hour. Seven because resource election.
Share question understand sport father tree. Pull indicate live situation senior news enough."
9,24,4,"Can single or education population. Family evidence road medical.
Skin hit issue say break. Remember response rule heart. Help couple open small Mr.
Teach professor college situation choose nation me they. Group tax bad compare indicate away.
Be drug decade prevent still. Minute senior stock despite. Kitchen pretty little nor.
Television anything sometimes seek society suffer board government. Show exist next possible."
2,18,2,"Time commercial quite high condition top. Owner religious city seven try after financial. Response section dinner tonight above daughter small.
Carry floor stuff surface idea great data. Word benefit million three court.
Early sell heart road participant. See enjoy country particularly very agree painting age.
Lay pretty article score why huge. Produce own whole war long. Development ahead very best data memory with."
